,aqi,aqiInfo,aqiLeavel,bWenDu,fengli,fengxiang,tianqi,yWenDu,year
0,,,,3,3-4级~微风,北风,雨夹雪,-1,2011-01-01
0,,,,3,微风,北风,小雪~雨夹雪,1,2011-01-02
0,,,,4,微风,北风,雨夹雪~小到中雨,0,2011-01-03
0,,,,5,微风,北风,小到中雨,0,2011-01-04
0,,,,3,微风,北风,雨夹雪,0,2011-01-05
0,,,,3,微风,北风,小雨~中雨,1,2011-01-06
0,,,,4,微风,北风,中雨~小雨,1,2011-01-07
0,,,,4,微风~3-4级,北风,小雨~雨夹雪,-1,2011-01-08
0,,,,1,微风,北风,中雪,-2,2011-01-09
0,,,,0,微风,北风,小雪~雨夹雪,-1,2011-01-10
0,,,,2,微风,北风,阴~小雨,-1,2011-01-11
0,,,,4,微风,北风,阴,0,2011-01-12
0,,,,4,微风~3-4级,北风,多云,0,2011-01-13
0,,,,3,微风,北风,多云~阴,1,2011-01-14
0,,,,3,微风,北风,小雨~雨夹雪,0,2011-01-15
0,,,,3,微风,北风,雨夹雪,0,2011-01-16
0,,,,4,微风,北风,小雨~小到中雨,2,2011-01-26
0,,,,6,微风,北风,多云,-1,2011-01-29
0,,,,7,微风,北风,阴~多云,3,2011-01-30
0,,,,8,微风,北风,阴~小雨,2,2011-01-31
0,,,,6,微风,北风,小雨~阴,3,2011-02-01
0,,,,11,微风,北风,雾~晴,-1,2011-02-02
0,,,,15,微风,南风,晴,3,2011-02-03
0,,,,17,微风,南风,多云~晴,6,2011-02-04
0,,,,20,微风,南风,晴~多云,10,2011-02-05
0,,,,22,微风,南风,晴~多云,9,2011-02-06
0,,,,23,微风,南风,晴~多云,11,2011-02-07
0,,,,25,微风,南风,晴~多云,15,2011-02-08
0,,,,19,微风,南风~北风,多云~小到中雨,8,2011-02-09
0,,,,6,微风,北风,小雨,2,2011-02-10
0,,,,5,微风,北风,小雨~阴,3,2011-02-11
0,,,,5,微风,北风,阴~小雨,2,2011-02-12
0,,,,4,微风,北风,小雪~阴,0,2011-02-13
0,,,,8,微风,北风,晴~多云,2,2011-02-14
0,,,,6,微风,北风,雨夹雪~小雨,2,2011-02-15
0,,,,5,微风,北风,小雨,3,2011-02-16
0,,,,6,微风,北风,小雨,4,2011-02-17
0,,,,13,微风,北风,阴~小雨,5,2011-02-18
0,,,,9,微风,北风,小雨~阴,6,2011-02-19
0,,,,13,微风,北风,多云,4,2011-02-20
0,,,,15,微风,北风,阴~多云,7,2011-02-21
0,,,,17,微风,北风,多云~阴,10,2011-02-22
0,,,,16,微风,北风~南风,阴,11,2011-02-23
0,,,,17,微风,北风,阵雨~多云,12,2011-02-24
0,,,,22,微风,南风,多云,14,2011-02-25
0,,,,23,微风,南风,多云,13,2011-02-26
0,,,,25,微风,南风,多云,9,2011-02-27
0,,,,8,微风,北风,阴~小雨,5,2011-02-28
0,,,,6,微风,北风,小雨~阴,4,2011-03-01
0,,,,11,微风,北风,阴,5,2011-03-02
0,,,,8,微风,北风,小雨~阴,5,2011-03-03
0,,,,12,微风,北风,多云~阴,4,2011-03-04
0,,,,9,微风,北风,小雨~中雨,7,2011-03-05
0,,,,9,微风,北风,中雨,6,2011-03-06
0,,,,12,微风,北风,阴~多云,7,2011-03-07
0,,,,16,微风,北风,多云~小雨,7,2011-03-08
0,,,,14,微风,北风,小雨~阴,7,2011-03-09
0,,,,14,微风,北风,阴~小雨,10,2011-03-10
0,,,,12,微风,北风,小雨,8,2011-03-11
0,,,,17,微风,南风,阴~多云,10,2011-03-12
0,,,,18,微风,南风~北风,多云~阵雨,10,2011-03-13
0,,,,16,微风,北风,阵雨~小到中雨,7,2011-03-14
0,,,,7,3-4级,北风,小雨,4,2011-03-15
0,,,,15,微风,北风,阴~多云,6,2011-03-16
0,,,,14,微风,南风,阴~小雨,8,2011-03-17
0,,,,12,微风,南风,小雨,8,2011-03-18
0,,,,15,微风,南风,阴~多云,10,2011-03-19
0,,,,18,微风,南风,阴~阵雨,11,2011-03-20
0,,,,9,微风,北风,小雨~小到中雨,6,2011-03-21
0,,,,9,微风,北风,小雨,6,2011-03-22
0,,,,10,微风,北风,阴~小雨,7,2011-03-23
0,,,,11,微风,北风,阴~小雨,7,2011-03-24
0,,,,15,微风,北风,阴~小雨,8,2011-03-25
0,,,,13,微风,北风,阴~小雨,7,2011-03-26
0,,,,17,微风,北风,阴~多云,7,2011-03-27
0,,,,22,微风,北风,晴,7,2011-03-28
0,,,,24,微风,北风,晴,10,2011-03-29
0,,,,22,微风,北风,晴~多云,13,2011-03-30
0,,,,22,微风,南风,多云,16,2011-03-31
0,,,,26,微风,南风,晴~多云,17,2011-04-01
0,,,,22,微风,北风,阴~小雨,12,2011-04-02
0,,,,9,微风,北风,小雨,6,2011-04-03
0,,,,12,微风,北风,阴,7,2011-04-04
0,,,,16,微风,南风,多云~阴,9,2011-04-05
0,,,,16,微风,南风,阴~小雨,12,2011-04-06
0,,,,13,微风,北风,阴~小雨,9,2011-04-07
0,,,,15,微风,北风,多云~阵雨,10,2011-04-08
0,,,,15,微风,北风,阵雨~阴,12,2011-04-09
0,,,,21,微风,南风,多云~阵雨,14,2011-04-10
0,,,,19,微风,北风,阴~小雨,14,2011-04-11
0,,,,18,微风,南风,阴~小雨,15,2011-04-12
0,,,,24,微风,南风,多云,14,2011-04-13
0,,,,30,微风,南风,多云,20,2011-04-14
0,,,,30,微风,南风~北风,雷阵雨~小到中雨,17,2011-04-15
0,,,,22,微风,北风,阴~小到中雨,18,2011-04-16
0,,,,26,微风,北风,晴,19,2011-04-17
0,,,,26,微风,北风,多云~晴,16,2011-04-18
0,,,,29,微风,北风,晴~多云,18,2011-04-19
0,,,,29,微风,南风,晴~多云,19,2011-04-20
0,,,,24,微风,南风~北风,阴~小到中雨,17,2011-04-21
0,,,,24,微风,北风,阴~多云,16,2011-04-22
0,,,,29,微风,南风,晴~多云,18,2011-04-23
0,,,,30,微风,南风,晴,18,2011-04-24
0,,,,31,微风,南风,晴~多云,20,2011-04-25
0,,,,32,微风,南风,晴~多云,21,2011-04-26
0,,,,34,微风,南风,晴,22,2011-04-27
0,,,,33,微风,南风,晴~多云,23,2011-04-28
0,,,,32,微风,南风,多云~雷阵雨,22,2011-04-29
0,,,,30,微风,南风,晴~雷阵雨,22,2011-04-30
0,,,,26,微风,北风,小雨~中雨,19,2011-05-01
0,,,,22,微风,北风,小到中雨,17,2011-05-02
0,,,,17,微风,北风,小雨~阴,14,2011-05-03
0,,,,22,微风,北风,多云,15,2011-05-04
0,,,,26,微风,北风,多云~阵雨,18,2011-05-05
0,,,,29,微风,南风,多云,22,2011-05-06
0,,,,33,微风,南风,晴~多云,24,2011-05-07
0,,,,32,微风,南风,多云~阵雨,25,2011-05-08
0,,,,33,微风,南风,多云,24,2011-05-09
0,,,,33,微风,南风~北风,多云~阵雨,23,2011-05-10
0,,,,22,微风,北风,雷阵雨~小到中雨,17,2011-05-11
0,,,,20,微风,北风,中到大雨,17,2011-05-12
0,,,,25,微风,北风,阴~多云,18,2011-05-13
0,,,,25,微风,北风,阴~阵雨,20,2011-05-14
0,,,,25,微风,北风,阴~阵雨,18,2011-05-15
0,,,,25,微风,北风,阴~多云,17,2011-05-16
0,,,,31,微风,南风,雾~晴,19,2011-05-17
0,,,,33,微风,南风,晴,21,2011-05-18
0,,,,35,微风,南风,晴,23,2011-05-19
0,,,,35,微风,南风,晴~多云,24,2011-05-20
0,,,,30,微风,南风~北风,多云~雷阵雨,17,2011-05-21
0,,,,16,微风,北风,中雨,14,2011-05-22
0,,,,17,微风,北风,阴~阵雨,14,2011-05-23
0,,,,20,微风,北风,阴~多云,15,2011-05-24
0,,,,23,微风,北风,阴~多云,17,2011-05-25
0,,,,29,微风,北风,晴,19,2011-05-26
0,,,,30,微风,北风~南风,晴,20,2011-05-27
0,,,,32,微风,南风,晴,21,2011-05-28
0,,,,33,微风,南风,晴,23,2011-05-29
0,,,,34,微风,南风,晴,22,2011-05-30
0,,,,30,微风,北风,多云~阵雨,20,2011-05-31
0,,,,24,微风,北风,阴~小雨,19,2011-06-01
0,,,,24,微风,北风,小雨,20,2011-06-02
0,,,,24,微风,北风,阵雨~多云,20,2011-06-03
0,,,,29,微风,南风,多云~阵雨,21,2011-06-04
0,,,,27,微风,北风,多云~小到中雨,21,2011-06-05
0,,,,27,微风,南风,阴~中雨,21,2011-06-06
0,,,,28,微风,南风,阵雨,23,2011-06-07
0,,,,34,微风,南风,晴~多云,24,2011-06-08
0,,,,35,微风,南风,多云~阵雨,25,2011-06-09
0,,,,31,微风,南风,大到暴雨,26,2011-06-10
0,,,,30,微风,北风~南风,多云,25,2011-06-11
0,,,,31,微风,北风,小雨,25,2011-06-12
0,,,,31,微风,南风,多云~阵雨,25,2011-06-13
0,,,,33,微风,南风,多云~阵雨,25,2011-06-14
0,,,,24,微风,北风,大到暴雨~小雨,22,2011-06-15
0,,,,26,微风,北风,小雨~阴,22,2011-06-16
0,,,,34,微风,南风,晴~多云,26,2011-06-17
0,,,,34,微风,南风,晴~阵雨,26,2011-06-18
0,,,,29,微风,北风,多云~阵雨,25,2011-06-19
0,,,,31,微风,南风,多云,25,2011-06-20
0,,,,35,微风,南风,晴~多云,27,2011-06-21
0,,,,36,微风,南风,晴~多云,27,2011-06-22
0,,,,35,微风,东南风,多云,27,2011-06-23
0,,,,34,微风,南风,多云~阵雨,27,2011-06-24
0,,,,31,微风,北风~南风,阵雨~多云,25,2011-06-25
0,,,,32,微风,北风,多云,26,2011-06-26
0,,,,33,微风,南风,晴~雷阵雨,24,2011-06-27
0,,,,32,微风,南风,阴~中雨,25,2011-06-28
0,,,,32,微风,南风,阵雨,25,2011-06-29
0,,,,32,微风,南风,阴~多云,25,2011-06-30
0,,,,35,微风,南风,晴~多云,27,2011-07-01
0,,,,35,微风,南风,晴,28,2011-07-02
0,,,,36,微风~3-4级,南风,晴,28,2011-07-03
0,,,,37,微风,南风,晴,27,2011-07-04
0,,,,37,微风,南风,晴,28,2011-07-05
0,,,,37,微风,南风,晴~多云,28,2011-07-06
0,,,,35,微风,南风~北风,多云~雷阵雨,27,2011-07-07
0,,,,26,微风,北风,小雨,23,2011-07-08
0,,,,32,微风,北风,多云,25,2011-07-09
0,,,,34,微风,南风,晴~多云,26,2011-07-10
0,,,,34,微风,南风,晴~多云,27,2011-07-11
0,,,,33,微风,北风,多云~阴,26,2011-07-12
0,,,,30,微风,北风,阴~阵雨,26,2011-07-13
0,,,,29,微风,北风,阴~阵雨,25,2011-07-14
0,,,,29,微风,北风,阴~阵雨,25,2011-07-15
0,,,,31,微风,北风,阴~多云,26,2011-07-16
0,,,,33,微风,北风,多云~阴,26,2011-07-17
0,,,,34,微风,北风,多云,26,2011-07-18
0,,,,34,微风,北风,多云~晴,26,2011-07-19
0,,,,35,微风,南风,多云~晴,27,2011-07-20
0,,,,37,微风,南风,多云~晴,28,2011-07-21
0,,,,37,微风,南风,晴~多云,28,2011-07-22
0,,,,37,微风,南风,晴~多云,28,2011-07-23
0,,,,38,微风,南风,晴,28,2011-07-24
0,,,,39,微风,南风,晴,29,2011-07-25
0,,,,40,微风,南风,晴,29,2011-07-26
0,,,,38,微风,南风,晴,29,2011-07-27
0,,,,38,微风,南风,晴,28,2011-07-28
0,,,,39,微风,南风,晴,29,2011-07-29
0,,,,37,微风,南风,晴,28,2011-07-30
0,,,,37,微风,南风,晴~多云,27,2011-07-31
0,,,,37,微风,南风,晴~多云,28,2011-08-01
0,,,,36,微风,南风,晴~多云,26,2011-08-02
0,,,,35,微风,北风,多云,26,2011-08-03
0,,,,32,微风,北风,阴~多云,25,2011-08-04
0,,,,33,微风,北风,多云,25,2011-08-05
0,,,,31,微风,北风,阵雨,26,2011-08-06
0,,,,28,微风,北风,阴~阵雨,24,2011-08-07
0,,,,28,微风,北风,阵雨,25,2011-08-08
0,,,,34,微风,南风,多云~阵雨,26,2011-08-09
0,,,,34,微风,北风,多云~雷阵雨,25,2011-08-10
0,,,,32,微风,南风,阵雨~多云,25,2011-08-11
0,,,,33,微风,南风,多云,26,2011-08-12
0,,,,35,微风,南风,多云~晴,26,2011-08-13
0,,,,37,微风,南风,多云~晴,28,2011-08-14
0,,,,38,微风,南风,晴,28,2011-08-15
0,,,,38,微风,南风,晴,28,2011-08-16
0,,,,38,微风,南风,晴~多云,28,2011-08-17
0,,,,38,微风,南风,晴~多云,27,2011-08-18
0,,,,37,微风,南风,晴,27,2011-08-19
0,,,,37,微风,南风,晴,27,2011-08-20
0,,,,37,微风,南风,晴~多云,27,2011-08-21
0,,,,36,微风,南风,晴~多云,26,2011-08-22
0,,,,28,微风,北风,阴~中雨,22,2011-08-23
0,,,,25,微风,北风,阵雨,21,2011-08-24
0,,,,27,微风,北风,阴~多云,22,2011-08-25
0,,,,31,微风,南风,多云,23,2011-08-26
0,,,,32,微风,北风,多云,24,2011-08-27
0,,,,32,微风,北风,多云,24,2011-08-28
0,,,,33,微风,北风,多云,24,2011-08-29
0,,,,34,微风,北风,多云,26,2011-08-30
0,,,,29,微风,北风,多云~阵雨,25,2011-08-31
0,,,,28,微风,北风,小雨,24,2011-09-01
0,,,,31,微风,北风,多云,26,2011-09-02
0,,,,34,微风,北风,多云,26,2011-09-03
0,,,,35,微风,北风,多云~晴,27,2011-09-04
0,,,,36,微风,南风,多云~晴,27,2011-09-05
0,,,,34,微风,南风,多云,27,2011-09-06
0,,,,33,微风,北风,多云~阵雨,24,2011-09-07
0,,,,25,微风,北风,小雨,20,2011-09-08
0,,,,26,微风,北风,小雨~阴,22,2011-09-09
0,,,,26,微风,北风,阴~多云,21,2011-09-10
0,,,,27,微风,北风,阴,22,2011-09-11
0,,,,31,微风,南风,多云~晴,23,2011-09-12
0,,,,34,微风,南风,晴,26,2011-09-13
0,,,,36,微风,南风,晴,26,2011-09-14
0,,,,36,微风,南风,晴,27,2011-09-15
0,,,,35,微风,北风,晴~多云,21,2011-09-17
0,,,,21,微风,北风,小雨,15,2011-09-18
0,,,,16,微风,北风,小雨,13,2011-09-19
0,,,,15,微风,北风,小雨,13,2011-09-20
0,,,,20,微风,北风,阴,15,2011-09-21
0,,,,24,微风,北风,多云,17,2011-09-22
0,,,,25,微风,北风,阴~多云,18,2011-09-23
0,,,,26,微风,北风,多云,19,2011-09-24
0,,,,24,微风,北风,阴~多云,19,2011-09-25
0,,,,26,微风,北风,多云,21,2011-09-26
0,,,,30,微风,南风,多云,23,2011-09-27
0,,,,33,微风,北风,晴~多云,22,2011-09-28
0,,,,25,微风,北风,阴~小雨,18,2011-09-29
0,,,,20,微风,北风,小雨,17,2011-09-30
0,,,,19,微风,北风,小到中雨,16,2011-10-01
0,,,,17,微风,北风,小到中雨,14,2011-10-02
0,,,,18,微风,北风,阴~小雨,14,2011-10-03
0,,,,20,微风,北风,小雨~阴,16,2011-10-04
0,,,,18,微风,北风,小雨,16,2011-10-05
0,,,,26,微风,北风,多云~晴,16,2011-10-08
0,,,,29,微风,北风,晴~多云,18,2011-10-09
0,,,,31,微风,南风,晴,20,2011-10-10
0,,,,30,微风,南风,晴~多云,21,2011-10-11
0,,,,26,微风,北风,阴~阵雨,19,2011-10-12
0,,,,22,微风,北风,小雨,18,2011-10-13
0,,,,25,微风,北风,多云,17,2011-10-14
0,,,,26,微风,北风,晴,17,2011-10-15
0,,,,27,微风,北风,晴,16,2011-10-16
0,,,,28,微风,北风,晴,17,2011-10-17
0,,,,28,微风,北风,晴,16,2011-10-18
0,,,,26,微风,北风,多云,18,2011-10-19
0,,,,22,微风,北风,小雨~多云,17,2011-10-20
0,,,,24,微风,北风,阴~多云,18,2011-10-21
0,,,,27,微风,南风,多云,19,2011-10-22
0,,,,27,微风,南风,多云~阵雨,17,2011-10-23
0,,,,18,微风,北风,阴~小雨,13,2011-10-24
0,,,,16,微风,北风,阴~小雨,13,2011-10-25
0,,,,17,微风,北风,阴,14,2011-10-26
0,,,,15,微风,北风,小到中雨,13,2011-10-27
0,,,,15,微风,北风,小雨,13,2011-10-28
0,,,,19,微风,北风,阴~多云,13,2011-10-29
0,,,,21,微风,北风,多云,11,2011-10-30
0,,,,22,微风,北风,多云,15,2011-10-31
0,,,,24,微风,北风,晴,16,2011-11-01
0,,,,26,微风,北风,晴~多云,18,2011-11-02
0,,,,25,微风,北风,多云,18,2011-11-03
0,,,,24,微风,北风,多云,19,2011-11-04
0,,,,23,微风,北风,阴,19,2011-11-05
0,,,,20,微风,北风,阴~小雨,16,2011-11-06
0,,,,18,微风,北风,小雨,14,2011-11-07
0,,,,15,微风,北风,小到中雨,11,2011-11-08
0,,,,14,微风,北风,小雨,10,2011-11-09
0,,,,17,微风,北风,阴~多云,10,2011-11-10
0,,,,20,微风,北风,晴,9,2011-11-11
0,,,,21,微风,北风,晴,10,2011-11-12
0,,,,22,微风,北风,晴,13,2011-11-13
0,,,,22,微风,北风,晴~多云,13,2011-11-14
0,,,,23,微风,北风,晴~多云,13,2011-11-15
0,,,,24,微风,北风,晴~多云,15,2011-11-16
0,,,,25,微风,南风,晴~多云,18,2011-11-17
0,,,,23,微风,北风,阴~小雨,14,2011-11-18
0,,,,23,微风,北风,晴~多云,12,2011-11-19
0,,,,23,微风,北风,晴,12,2011-11-20
0,,,,23,微风,北风,晴,10,2011-11-21
0,,,,22,微风,北风,晴,12,2011-11-22
0,,,,21,微风,北风,晴,12,2011-11-23
0,,,,22,微风,北风,晴,12,2011-11-24
0,,,,22,微风,北风,晴~多云,11,2011-11-25
0,,,,22,微风,南风,多云,13,2011-11-26
0,,,,25,微风,南风,多云,16,2011-11-27
0,,,,24,微风,北风,多云,17,2011-11-28
0,,,,23,微风,北风,多云~阵雨,10,2011-11-29
0,,,,12,微风,北风,小雨,6,2011-11-30
0,,,,7,微风,北风,小雨~阴,2,2011-12-01
0,,,,12,微风,北风,晴~多云,3,2011-12-02
0,,,,14,微风,北风,晴~多云,3,2011-12-03
0,,,,15,微风,北风,晴~多云,5,2011-12-04
0,,,,15,微风,北风,多云,9,2011-12-05
0,,,,13,微风,北风,阴~小雨,7,2011-12-06
0,,,,7,微风,北风,小雨,4,2011-12-07
0,,,,10,微风,北风,阴,5,2011-12-08
0,,,,10,微风,北风,阴~多云,4,2011-12-09
0,,,,9,微风,北风,阴~多云,5,2011-12-10
0,,,,11,微风,北风,晴,2,2011-12-11
0,,,,11,微风,北风,多云,4,2011-12-12
0,,,,12,微风,北风,多云,6,2011-12-13
0,,,,14,微风,北风,多云,6,2011-12-14
0,,,,9,微风,北风,阴,5,2011-12-15
0,,,,10,微风,北风,阴,5,2011-12-16
0,,,,12,微风,北风,多云,5,2011-12-17
0,,,,11,微风,北风,阴~多云,6,2011-12-18
0,,,,11,微风,北风,多云,5,2011-12-19
0,,,,11,微风,北风,阴~多云,6,2011-12-20
0,,,,10,微风,北风,阴~多云,4,2011-12-21
0,,,,8,微风,北风,阴,3,2011-12-22
0,,,,10,微风,北风,阴~多云,2,2011-12-23
0,,,,13,微风,北风,晴,1,2011-12-24
0,,,,13,微风,北风,晴,3,2011-12-25
0,,,,13,微风,北风,多云~晴,5,2011-12-26
0,,,,13,微风,北风,多云,7,2011-12-27
0,,,,11,微风,北风,阴,8,2011-12-28
0,,,,8,微风,北风,小雨~阴,5,2011-12-29
0,,,,9,微风,北风,阴,6,2011-12-30
0,,,,9,微风,北风,阴,6,2011-12-31
0,,,,10,微风,北风,阴,7,2012-01-01
0,,,,7,微风,北风,阴~小雨,5,2012-01-02
0,,,,5,微风,北风,小雨~雨夹雪,2,2012-01-03
0,,,,4,微风,北风,阴~雨夹雪,1,2012-01-04
0,,,,3,微风,北风,小雨,1,2012-01-05
0,,,,5,微风,北风,阴~小雨,3,2012-01-06
0,,,,8,微风,北风,阴,4,2012-01-07
0,,,,8,微风,北风,阴~多云,4,2012-01-08
0,,,,8,微风,北风,阴,5,2012-01-09
0,,,,9,微风,北风,阴~小雨,5,2012-01-10
0,,,,8,微风,北风,阴~小雨,4,2012-01-11
0,,,,8,微风,北风,阴~小雨,5,2012-01-12
0,,,,7,微风,北风,小雨,5,2012-01-13
0,,,,6,微风,北风,中雨,4,2012-01-14
0,,,,5,微风,北风,阴,3,2012-01-16
0,,,,7,微风,北风,阴~小雨,4,2012-01-17
0,,,,6,微风,北风,小雨~中雨,4,2012-01-18
0,,,,6,微风,北风,小雨~小到中雨,4,2012-01-19
0,,,,5,微风,北风,小雨~雨夹雪,2,2012-01-20
0,,,,5,微风,北风,小雨~雨夹雪,2,2012-01-21
0,,,,1,微风,北风,小雪,-1,2012-01-22
0,,,,2,微风,北风,阴~小雪,-1,2012-01-23
0,,,,1,微风,北风,小雪,-1,2012-01-24
0,,,,6,微风,北风,多云,-2,2012-01-25
0,,,,5,微风,北风,阴~小雨,2,2012-01-26
0,,,,4,微风,北风,小雨,2,2012-01-27
0,,,,4,微风,北风,小雨,2,2012-01-28
0,,,,6,微风,北风,阴~小雨,4,2012-01-29
0,,,,8,微风,北风,阴,4,2012-01-30
0,,,,11,微风,北风,晴,2,2012-01-31
0,,,,9,微风,北风,阴~小雨,5,2012-02-01
0,,,,5,微风,北风,小雨,3,2012-02-02
0,,,,5,微风,北风,小雨~阴,1,2012-02-03
0,,,,7,微风,北风,小雨~阴,4,2012-02-04
0,,,,8,微风,北风,小到中雨,5,2012-02-05
0,,,,6,微风,北风,中雨,2,2012-02-06
0,,,,7,微风,北风,小雨~阴,3,2012-02-07
0,,,,6,微风,北风,阴,3,2012-02-08
0,,,,5,微风,北风,阴~小雨,3,2012-02-09
0,,,,3,微风,北风,小雨,1,2012-02-10
0,,,,7,微风,北风,阴,3,2012-02-11
0,,,,9,微风,北风,阴,5,2012-02-12
0,,,,8,微风,北风,阴~小雨,5,2012-02-13
0,,,,6,微风,北风,小雨,5,2012-02-14
0,,,,5,微风,北风,小雨,3,2012-02-15
0,,,,6,微风,北风,小雨,3,2012-02-16
0,,,,5,微风,北风,阴,4,2012-02-17
0,,,,9,微风,北风,阴,5,2012-02-18
0,,,,10,微风,北风,晴~多云,6,2012-02-19
0,,,,6,微风,北风,小雨,5,2012-02-20
0,,,,15,微风,北风,多云,9,2012-02-21
0,,,,13,微风,北风,阴~阵雨,8,2012-02-22
0,,,,10,微风,北风,中雨,7,2012-02-23
0,,,,8,微风,北风,小雨,4,2012-02-24
0,,,,5,微风,北风,小雨,3,2012-02-25
0,,,,4,微风,北风,小雨,2,2012-02-26
0,,,,5,微风,北风,阴~小雨,3,2012-02-27
0,,,,8,微风,北风,阴~小雨,4,2012-02-28
0,,,,8,微风,北风,小雨,5,2012-02-29
0,,,,9,微风,北风,小雨,6,2012-03-01
0,,,,7,微风,北风,小雨,6,2012-03-02
0,,,,6,微风,北风,小到中雨,5,2012-03-03
0,,,,7,微风,北风,中雨,5,2012-03-04
0,,,,7,微风,北风,小雨,5,2012-03-05
0,,,,8,微风,北风,阴~阵雨,6,2012-03-06
0,,,,7,微风,北风,阴~小雨,6,2012-03-07
0,,,,8,微风,北风,小雨,5,2012-03-08
0,,,,7,微风,北风,小雨~阴,5,2012-03-09
0,,,,8,微风,北风,阴~阵雨,5,2012-03-10
0,,,,11,微风,北风,阴~多云,6,2012-03-11
0,,,,14,微风,北风,阴~多云,8,2012-03-12
0,,,,13,微风,北风,阴~小雨,9,2012-03-13
0,,,,14,微风,北风~南风,阴~小雨,9,2012-03-14
0,,,,12,微风,北风,阴~小雨,10,2012-03-15
0,,,,15,微风,北风,小雨,12,2012-03-16
0,,,,14,微风,北风,阴~小雨,11,2012-03-17
0,,,,15,微风,南风,阴~小雨,12,2012-03-18
0,,,,15,微风,南风,阵雨,12,2012-03-19
0,,,,11,微风,北风,小雨~阴,7,2012-03-20
0,,,,10,微风,北风,小雨,6,2012-03-21
0,,,,13,微风,北风,阴~阵雨,8,2012-03-22
0,,,,10,微风,北风,阵雨~阴,7,2012-03-23
0,,,,19,微风,北风,多云~晴,7,2012-03-24
0,,,,23,微风,北风,多云~晴,11,2012-03-25
0,,,,27,微风,北风,多云~晴,14,2012-03-26
0,,,,27,微风,北风,晴,15,2012-03-27
0,,,,26,微风,南风,多云~阵雨,16,2012-03-28
0,,,,20,微风,南风,小到中雨,15,2012-03-29
0,,,,17,微风,北风,小到中雨~雷阵雨,8,2012-03-30
0,,,,23,微风,北风,晴,13,2012-03-31
0,,,,27,微风,北风~南风,晴,13,2012-04-01
0,,,,30,3-4级~微风,南风~北风,晴~阵雨,16,2012-04-02
0,,,,27,微风,北风,晴~多云,19,2012-04-03
0,,,,23,微风,北风,多云~阵雨,15,2012-04-04
0,,,,18,微风,北风,阴,13,2012-04-05
0,,,,18,微风,北风,阴~阵雨,15,2012-04-06
0,,,,21,微风,北风,多云~阵雨,15,2012-04-07
0,,,,18,微风,北风,小雨,15,2012-04-08
0,,,,23,微风,北风,阴~多云,16,2012-04-09
0,,,,27,微风,南风,多云~雷阵雨,18,2012-04-10
0,,,,17,微风~,北风~,中雨~,,2012-04-11
0,,,,21,微风,北风,中到大雨,16,2012-04-12
0,,,,20,微风,北风,阴~多云,14,2012-04-13
0,,,,24,微风,北风,多云~阵雨,16,2012-04-14
0,,,,17,微风,北风,小到中雨,15,2012-04-15
0,,,,20,微风,北风,阴~多云,14,2012-04-16
0,,,,17,微风,北风,阴~小到中雨,14,2012-04-17
0,,,,18,微风,北风,阴~小到中雨,15,2012-04-18
0,,,,20,微风,北风,中雨,20,2012-04-19
0,,,,22,微风,北风,阵雨,22,2012-04-20
0,,,,26,微风,北风~南风,晴,26,2012-04-21
0,,,,30,微风,南风,晴,30,2012-04-22
0,,,,32,微风~,南风~,晴~多云,21,2012-04-23
0,,,,33,微风,南风~北风,晴~中雨,19,2012-04-24
0,,,,22,微风,北风,阵雨~阴,14,2012-04-25
0,,,,26,微风,南风,晴,17,2012-04-26
0,,,,27,微风,南风,多云~阵雨,20,2012-04-27
0,,,,26,微风,南风,中雨~阵雨,21,2012-04-28
0,,,,27,微风,北风,阴~阵雨,21,2012-04-29
0,,,,30,微风,北风,多云,23,2012-04-30
0,,,,25,微风,北风,阴,20,2012-05-01
0,,,,24,微风,北风,阴,20,2012-05-02
0,,,,24,微风,北风,阴~小雨,19,2012-05-03
0,,,,24,微风,北风,阵雨~阴,20,2012-05-04
0,,,,28,微风,北风,阴~多云,23,2012-05-05
0,,,,31,微风,南风,多云,23,2012-05-06
0,,,,34,微风,南风,晴~多云,25,2012-05-07
0,,,,34,微风,南风,晴~多云,25,2012-05-08
0,,,,32,微风,北风,多云~中雨,23,2012-05-09
0,,,,29,微风,北风,阴~多云,24,2012-05-10
0,,,,31,微风,南风,晴~多云,24,2012-05-11
0,,,,27,微风,南风~北风,阵雨~大到暴雨,21,2012-05-12
0,,,,23,微风,北风,小雨~小到中雨,18,2012-05-13
0,,,,22,微风,北风,小到中雨~阵雨,17,2012-05-14
0,,,,22,微风,北风,阴,19,2012-05-15
0,,,,30,微风,北风,晴,20,2012-05-16
0,,,,31,微风,北风,晴,23,2012-05-17
0,,,,33,微风,北风,晴~多云,24,2012-05-18
0,,,,31,微风,北风,多云,21,2012-05-19
0,,,,30,微风,北风,晴,21,2012-05-20
0,,,,32,微风,北风,晴~多云,21,2012-05-21
0,,,,25,微风,北风,多云~阴,20,2012-05-22
0,,,,22,微风,北风,小到中雨~中雨,19,2012-05-23
0,,,,21,微风,北风,小到中雨~小雨,19,2012-05-24
0,,,,20,微风,北风,小到中雨~小雨,18,2012-05-25
0,,,,22,微风,北风,小雨,19,2012-05-26
0,,,,27,微风,北风,多云,21,2012-05-27
0,,,,26,微风,北风,多云,23,2012-05-28
0,,,,27,微风,北风,阵雨~中到大雨,20,2012-05-29
0,,,,25,微风,北风,小雨~多云,20,2012-05-30
0,,,,29,微风,北风,多云~小雨,21,2012-05-31
0,,,,22,微风,北风,小雨~阵雨,20,2012-06-01
0,,,,24,微风,北风,阴,21,2012-06-02
0,,,,27,微风,北风,多云~阵雨,20,2012-06-03
0,,,,23,微风,北风,阴~小到中雨,21,2012-06-04
0,,,,24,微风,北风,阴~小雨,22,2012-06-05
0,,,,26,微风,南风,小到中雨~多云,23,2012-06-06
0,,,,30,微风,南风,雷阵雨~多云,25,2012-06-07
0,,,,33,微风,南风,多云,25,2012-06-08
0,,,,34,微风,南风,多云,26,2012-06-09
0,,,,33,微风,南风,多云~中雨,25,2012-06-10
0,,,,27,微风,北风,小到中雨~小雨,24,2012-06-11
0,,,,31,微风,北风,阴~多云,25,2012-06-12
0,,,,34,微风,南风,多云,25,2012-06-13
0,,,,34,微风,南风,晴~多云,26,2012-06-14
0,,,,34,微风,北风,晴~多云,25,2012-06-15
0,,,,33,微风,北风,多云,26,2012-06-16
0,,,,32,微风,北风,多云~阵雨,25,2012-06-17
0,,,,30,微风,北风,阵雨~多云,25,2012-06-18
0,,,,33,微风,北风,多云,26,2012-06-19
0,,,,35,微风,北风,晴,26,2012-06-20
0,,,,35,微风,北风,晴~雷阵雨,26,2012-06-21
0,,,,28,微风,北风,中雨~大到暴雨,25,2012-06-22
0,,,,27,微风,南风,中雨,24,2012-06-23
0,,,,31,微风,南风,阴~多云,24,2012-06-24
0,,,,32,微风,南风,多云,26,2012-06-25
0,,,,32,微风,南风,阵雨,26,2012-06-26
0,,,,32,微风,南风,阵雨,26,2012-06-27
0,,,,35,微风,南风,晴,27,2012-06-28
0,,,,36,微风,南风,晴,27,2012-06-29
0,,,,37,微风,南风,晴,28,2012-06-30
0,,,,36,微风,南风,晴,28,2012-07-01
0,,,,36,微风,南风,晴,27,2012-07-02
0,,,,36,微风,南风,晴,27,2012-07-03
0,,,,36,微风,南风,晴,28,2012-07-04
0,,,,36,微风,南风,晴,28,2012-07-05
0,,,,37,微风,南风,晴,28,2012-07-06
0,,,,37,微风,南风,晴,28,2012-07-07
0,,,,36,微风,南风,晴,28,2012-07-08
0,,,,38,微风,南风,晴,28,2012-07-09
0,,,,37,微风,南风,晴,28,2012-07-10
0,,,,37,微风,南风,晴,29,2012-07-11
0,,,,37,微风,南风,晴~多云,28,2012-07-12
0,,,,37,微风,南风,晴~雷雨,26,2012-07-13
0,,,,34,微风,南风,多云~大到暴雨,25,2012-07-14
0,,,,28,微风,北风,中到大雨~中雨,25,2012-07-15
0,,,,31,微风,南风,小到中雨~雷雨,26,2012-07-16
0,,,,30,微风,南风,阵雨,25,2012-07-17
0,,,,33,微风,南风,阵雨,26,2012-07-18
0,,,,33,微风,南风,阵雨~多云,25,2012-07-19
0,,,,36,微风,南风,晴,27,2012-07-20
0,,,,36,微风,南风,晴,27,2012-07-21
0,,,,37,微风,南风,晴~多云,27,2012-07-22
0,,,,36,微风,南风,多云~雷雨,27,2012-07-23
0,,,,33,微风,南风,多云~阵雨,26,2012-07-24
0,,,,34,微风,南风,多云,27,2012-07-25
0,,,,35,微风,南风,晴,27,2012-07-26
0,,,,35,微风,南风,晴,27,2012-07-27
0,,,,35,微风,南风,多云~晴,26,2012-07-28
0,,,,36,微风,南风,晴,27,2012-07-29
0,,,,37,微风,南风,晴,28,2012-07-30
0,,,,37,微风,南风,晴,27,2012-07-31
0,,,,37,微风,北风,晴,27,2012-08-01
0,,,,36,微风,北风,晴,27,2012-08-02
0,,,,33,微风,北风,多云~中雨,26,2012-08-03
0,,,,29,微风,北风,大到暴雨,24,2012-08-04
0,,,,27,微风,北风,小雨~阴,25,2012-08-05
0,,,,34,微风,北风,晴,26,2012-08-06
0,,,,35,微风,北风,晴~多云,26,2012-08-07
0,,,,35,微风,北风,晴~多云,27,2012-08-08
0,,,,33,微风,北风,多云,26,2012-08-09
0,,,,33,微风,北风,多云,27,2012-08-10
0,,,,34,微风,北风,多云,28,2012-08-11
0,,,,34,微风,北风~南风,多云~阵雨,26,2012-08-12
0,,,,33,微风,南风,阵雨,27,2012-08-13
0,,,,35,微风,南风,多云,27,2012-08-14
0,,,,33,微风,南风,多云~晴,27,2012-08-15
0,,,,35,微风,南风,晴~多云,27,2012-08-16
0,,,,35,微风,南风,晴,28,2012-08-17
0,,,,37,微风,南风,晴,27,2012-08-18
0,,,,36,微风,南风,晴,27,2012-08-19
0,,,,36,微风,南风,晴~多云,28,2012-08-20
0,,,,34,微风,南风,小到中雨,23,2012-08-21
0,,,,26,微风,北风,小雨~阵雨,22,2012-08-22
0,,,,24,微风,北风,小雨~阴,21,2012-08-23
0,,,,26,微风,北风,阴,23,2012-08-24
0,,,,29,微风,北风,阴,24,2012-08-25
0,,,,31,微风,北风,阴~多云,25,2012-08-26
0,,,,31,微风,南风,阵雨~多云,25,2012-08-27
0,,,,33,微风,南风,多云,25,2012-08-28
0,,,,35,微风,南风,晴,25,2012-08-29
0,,,,36,微风,南风,晴,26,2012-08-30
0,,,,36,微风,南风,晴,27,2012-08-31
0,,,,36,微风,南风,晴,27,2012-09-01
0,,,,34,微风,南风,多云~中雨,22,2012-09-02
0,,,,24,微风,北风,小雨~阴,21,2012-09-03
0,,,,28,微风,北风,阴~晴,23,2012-09-04
0,,,,33,微风,北风,晴,22,2012-09-05
0,,,,33,微风,北风,晴,24,2012-09-06
0,,,,35,微风,南风,晴,26,2012-09-07
0,,,,35,微风,南风,晴~多云,25,2012-09-08
0,,,,32,微风,南风,阴~多云,25,2012-09-09
0,,,,30,微风,北风,多云,24,2012-09-10
0,,,,33,微风,南风,多云,24,2012-09-11
0,,,,32,微风,南风~北风,多云~小到中雨,19,2012-09-12
0,,,,21,微风,北风,小雨~阴,17,2012-09-13
0,,,,24,微风,北风,阴~晴,16,2012-09-14
0,,,,27,微风,北风,晴,17,2012-09-15
0,,,,28,微风,北风,晴~多云,18,2012-09-16
0,,,,28,微风,北风,多云~晴,19,2012-09-17
0,,,,29,微风,北风,晴,20,2012-09-18
0,,,,29,微风,南风,晴,21,2012-09-19
0,,,,28,微风,南风,多云~小雨,20,2012-09-20
0,,,,24,微风,南风,阴,21,2012-09-21
0,,,,23,微风,北风,小到中雨~小雨,20,2012-09-22
0,,,,22,微风,北风,小雨,20,2012-09-23
0,,,,23,微风,北风,小雨~阴,20,2012-09-24
0,,,,26,微风,北风,阴,22,2012-09-25
0,,,,29,微风,北风,多云,23,2012-09-26
0,,,,27,微风,北风,多云~阴,22,2012-09-27
0,,,,28,微风,北风,多云,18,2012-09-28
0,,,,27,微风,北风,晴,16,2012-09-29
0,,,,27,微风,北风,晴,18,2012-09-30
0,,,,28,微风,北风,多云~晴,18,2012-10-01
0,,,,29,微风,北风,晴,17,2012-10-02
0,,,,28,微风,北风,多云,19,2012-10-03
0,,,,24,微风,北风,多云,20,2012-10-04
0,,,,26,微风,北风,多云,19,2012-10-05
0,,,,23,微风,北风,阴,18,2012-10-06
0,,,,23,微风,北风,多云,19,2012-10-07
0,,,,23,微风,北风,阴~多云,20,2012-10-08
0,,,,23,微风,北风,小雨~多云,19,2012-10-09
0,,,,26,微风,北风,多云,18,2012-10-10
0,,,,27,微风,北风,多云,18,2012-10-11
0,,,,28,微风,北风,多云,19,2012-10-12
0,,,,28,微风,北风,多云,19,2012-10-13
0,,,,24,微风,北风,多云,19,2012-10-14
0,,,,24,微风,北风,多云~阴,17,2012-10-15
0,,,,26,微风,北风,多云~小雨,16,2012-10-16
0,,,,24,微风,北风,晴,15,2012-10-17
0,,,,26,微风,北风,晴,15,2012-10-18
0,,,,28,微风,南风,多云,19,2012-10-19
0,,,,30,微风,南风,晴,21,2012-10-20
0,,,,31,微风,南风,晴~阴,17,2012-10-21
0,,,,20,微风,北风,小雨,15,2012-10-22
0,,,,20,微风,北风,阴,16,2012-10-23
0,,,,25,微风,北风,晴,16,2012-10-24
0,,,,26,微风,北风,晴,17,2012-10-25
0,,,,28,微风,北风,晴~多云,17,2012-10-26
0,,,,24,微风,北风,阴,17,2012-10-27
0,,,,21,微风,北风,阴,17,2012-10-28
0,,,,20,微风,北风,小到中雨~中雨,14,2012-10-29
0,,,,17,微风,北风,小雨~多云,14,2012-10-30
0,,,,21,微风,北风,多云~晴,10,2012-10-31
0,,,,24,微风,北风,晴,12,2012-11-01
0,,,,24,微风,北风,晴~多云,13,2012-11-02
0,,,,20,微风,南风~北风,多云~阴,12,2012-11-03
0,,,,19,微风,北风,多云~晴,12,2012-11-04
0,,,,21,微风,北风,晴,14,2012-11-05
0,,,,17,微风,北风,阵雨~阴,13,2012-11-06
0,,,,14,微风,北风,中雨,11,2012-11-07
0,,,,13,微风,北风,中到大雨,11,2012-11-08
0,,,,14,微风,北风,中到大雨~小到中雨,11,2012-11-09
0,,,,13,微风,北风,小雨~阴,10,2012-11-10
0,,,,16,微风,北风,阴~多云,9,2012-11-11
0,,,,17,微风,北风,阴~多云,10,2012-11-12
0,,,,21,微风,北风,晴~多云,11,2012-11-13
0,,,,18,微风,北风,多云~小雨,12,2012-11-14
0,,,,14,微风,北风,中雨,10,2012-11-15
0,,,,11,微风,北风,小到中雨~小雨,7,2012-11-16
0,,,,16,微风,北风,阴~晴,8,2012-11-17
0,,,,18,微风,北风,多云~晴,9,2012-11-18
0,,,,16,微风,北风,多云~阴,10,2012-11-19
0,,,,16,微风,北风,阴,13,2012-11-20
0,,,,13,微风,北风,中雨~中到大雨,10,2012-11-21
0,,,,12,微风,北风,小到中雨~小雨,9,2012-11-22
0,,,,13,微风,北风,阴,10,2012-11-23
0,,,,12,微风,北风,阴,10,2012-11-24
0,,,,13,微风,北风,小到中雨~小雨,7,2012-11-25
0,,,,12,微风,北风,多云,6,2012-11-26
0,,,,12,微风,北风,多云~阴,9,2012-11-27
0,,,,12,微风,北风,小雨~阴,9,2012-11-28
0,,,,14,微风,北风,多云~小雨,9,2012-11-29
0,,,,11,微风,北风,小雨,8,2012-11-30
0,,,,11,3-4级,北风,小雨,8,2012-12-01
0,,,,10,微风,北风,阴,6,2012-12-02
0,,,,11,微风,北风,多云,6,2012-12-03
0,,,,10,微风,北风,阴~多云,7,2012-12-04
0,,,,14,微风,北风,晴,6,2012-12-05
0,,,,17,微风,北风,晴~多云,6,2012-12-06
0,,,,18,微风,北风,多云,9,2012-12-07
0,,,,15,微风,北风,多云,10,2012-12-08
0,,,,13,微风,北风,多云~小雨,7,2012-12-09
0,,,,7,微风,北风,小雨,5,2012-12-10
0,,,,8,微风,北风,阴~小雨,6,2012-12-11
0,,,,8,微风,北风,小雨~阴,7,2012-12-12
0,,,,13,微风,北风,多云,12,2012-12-13
0,,,,18,微风,北风,多云,7,2012-12-14
0,,,,7,微风,北风,小雨~阴,6,2012-12-15
0,,,,8,微风,北风,阴,5,2012-12-16
0,,,,8,微风,北风,小雨,4,2012-12-17
0,,,,6,微风,北风,阴,3,2012-12-18
0,,,,7,微风,北风,阴~小雨,5,2012-12-19
0,,,,6,微风,北风,小雨~小到中雨,3,2012-12-20
0,,,,5,微风,北风,小雨,2,2012-12-21
0,,,,6,微风,北风,阴,2,2012-12-22
0,,,,7,微风,北风,晴,0,2012-12-23
0,,,,10,微风,北风,晴,1,2012-12-24
0,,,,8,微风,北风,多云~小雨,3,2012-12-25
0,,,,4,微风,北风,小雨~中雨,1,2012-12-26
0,,,,3,微风,北风,小到中雨~小雨,1,2012-12-27
0,,,,5,微风,北风,阴~中雨,0,2012-12-28
0,,,,2,微风,北风,雨夹雪~小雪,-1,2012-12-29
0,,,,5,微风,北风,多云,-1,2012-12-30
0,,,,8,微风,北风,晴~多云,-1,2012-12-31
0,,,,8,微风,北风,晴,3,2013-01-01
0,,,,7,微风,北风,阴,2,2013-01-02
0,,,,1,微风,北风,小雨~小雪,-2,2013-01-03
0,,,,-1,微风,北风,小雪,-2,2013-01-04
0,,,,0,微风,北风,阴~雨夹雪,-2,2013-01-05
0,,,,1,微风,北风,阴~小雨,-1,2013-01-06
0,,,,3,微风,北风,阴,1,2013-01-07
0,,,,4,微风,北风,阴,3,2013-01-08
0,,,,7,微风,北风,阴~多云,3,2013-01-09
0,,,,9,微风,北风,多云,3,2013-01-10
0,,,,7,微风,北风,小雨,4,2013-01-11
0,,,,9,微风,北风,阴~小雨,4,2013-01-12
0,,,,12,微风,北风,雾~多云,2,2013-01-13
0,,,,13,微风,北风,多云~晴,4,2013-01-14
0,,,,9,微风,北风,小雨~阴,6,2013-01-15
0,,,,10,微风,北风,小雨,5,2013-01-16
0,,,,10,微风,北风,阴~晴,2,2013-01-17
0,,,,12,微风,北风,晴,4,2013-01-18
0,,,,11,微风,北风,多云,8,2013-01-19
0,,,,13,微风,北风,多云~阴,7,2013-01-20
0,,,,7,微风,北风,小雨,4,2013-01-21
0,,,,7,微风,北风,阴,5,2013-01-22
0,,,,7,微风,北风,阴,4,2013-01-23
0,,,,10,微风,北风,小雨~阴,4,2013-01-24
0,,,,12,微风,北风,阴,6,2013-01-25
0,,,,13,3-4级,北风,阴~多云,5,2013-01-26
0,,,,17,微风,北风,晴~多云,7,2013-01-27
0,,,,17,微风,北风,多云,9,2013-01-28
0,,,,20,微风,南风,多云~晴,12,2013-01-29
0,,,,22,微风,南风,多云,15,2013-01-30
0,,,,23,微风,北风~南风,多云~阵雨,17,2013-01-31
0,,,,17,微风,北风,多云~晴,12,2013-02-01
0,,,,14,微风,北风,阴,10,2013-02-02
0,,,,18,微风,北风,阴~多云,12,2013-02-03
0,,,,16,微风,北风,阴~阵雨,9,2013-02-04
0,,,,9,微风,北风,阴,8,2013-02-05
0,,,,11,微风,北风,阴,4,2013-02-06
0,,,,7,3-4级,北风,小雨,2,2013-02-07
0,,,,1,微风,北风,小雨~雨夹雪,-2,2013-02-08
0,,,,1,微风,北风,小雨,0,2013-02-09
0,,,,5,微风,北风,小雨~阴,3,2013-02-10
0,,,,5,微风,北风,小雨,3,2013-02-11
0,,,,5,微风,北风,小雨~阴,4,2013-02-12
0,,,,8,微风,北风,阴~小雨,5,2013-02-13
0,,,,7,微风,北风,小雨,4,2013-02-14
0,,,,8,微风,北风,小雨~阴,6,2013-02-15
0,,,,13,微风,北风,阴,9,2013-02-16
0,,,,14,微风,北风,阵雨~阴,9,2013-02-17
0,,,,10,微风,南风,小到中雨~小雨,4,2013-02-18
0,,,,4,微风,北风,小雨~阴,3,2013-02-19
0,,,,6,微风,北风,阴,4,2013-02-20
0,,,,7,微风,北风,阴~小雨,5,2013-02-21
0,,,,9,微风,北风,阴,5,2013-02-22
0,,,,16,微风,北风,晴~多云,8,2013-02-23
0,,,,17,微风,南风,多云,11,2013-02-24
0,,,,16,微风,南风,阴,13,2013-02-25
0,,,,13,微风,北风,小雨~阵雨,10,2013-02-26
0,,,,15,微风,北风,阴~多云,13,2013-02-27
0,,,,22,微风,南风,多云,8,2013-02-28
0,,,,19,微风,北风,小到中雨~小雨,3,2013-03-01
0,,,,7,微风,北风,阴,3,2013-03-02
0,,,,15,微风,北风,多云,5,2013-03-03
0,,,,20,微风,北风,晴,6,2013-03-04
0,,,,23,微风,南风,多云~晴,11,2013-03-05
0,,,,26,微风,南风,晴,12,2013-03-06
0,,,,27,微风,南风,晴,15,2013-03-07
0,,,,28,微风,南风,晴,16,2013-03-08
0,,,,31,微风,南风,晴~多云,18,2013-03-09
0,,,,22,微风,南风~北风,阴,11,2013-03-10
0,,,,22,微风,北风,阴~多云,13,2013-03-11
0,,,,27,微风,南风~北风,多云,11,2013-03-12
0,,,,13,微风,北风,阴,10,2013-03-13
0,,,,17,微风,北风,阴,12,2013-03-14
0,,,,21,微风,北风~南风,晴~多云,15,2013-03-15
0,,,,20,微风,南风,阴,14,2013-03-16
0,,,,16,微风,北风,阴~小雨,11,2013-03-17
0,,,,18,微风,北风,阴~多云,13,2013-03-18
0,,,,18,微风,北风,雷雨~多云,14,2013-03-19
0,,,,23,微风,北风,阵雨,13,2013-03-20
0,,,,24,微风,南风,多云,16,2013-03-21
0,,,,27,微风,南风~北风,多云~雷雨,16,2013-03-22
0,,,,17,微风,北风,雷雨~小到中雨,13,2013-03-23
0,,,,21,微风,北风,阴~多云,13,2013-03-24
0,,,,22,微风,北风,多云~中到大雨,12,2013-03-25
0,,,,13,微风,北风,小雨~阴,9,2013-03-26
0,,,,17,微风,北风,多云,12,2013-03-27
0,,,,16,微风,北风,小到中雨~阴,13,2013-03-28
0,,,,22,微风,北风,多云,15,2013-03-29
0,,,,19,微风,北风,小雨~多云,14,2013-03-30
0,,,,20,微风,北风,多云~阵雨,16,2013-03-31
0,,,,19,微风,北风,阴,16,2013-04-01
0,,,,22,微风,北风,阴~小雨,16,2013-04-02
0,,,,19,微风,南风,中雨,17,2013-04-03
0,,,,20,微风,北风,中到大雨~大到暴雨,12,2013-04-04
0,,,,18,微风,北风,小到中雨~小雨,9,2013-04-05
0,,,,17,微风,北风,多云~晴,10,2013-04-06
0,,,,23,微风,北风,晴~多云,12,2013-04-07
0,,,,21,微风,南风~北风,多云~阴,12,2013-04-08
0,,,,16,微风,北风,阴~小雨,11,2013-04-09
0,,,,19,微风,北风,阴~小雨,12,2013-04-10
0,,,,19,微风,北风,阵雨~阴,13,2013-04-11
0,,,,20,微风,北风,阴~多云,15,2013-04-12
0,,,,21,微风,南风,阴~多云,16,2013-04-13
0,,,,29,微风,南风,晴,16,2013-04-14
0,,,,31,微风,南风,晴~多云,19,2013-04-15
0,,,,31,微风,南风,多云,23,2013-04-16
0,,,,30,微风,南风,多云,23,2013-04-17
0,,,,30,微风,南风~北风,多云,19,2013-04-18
0,,,,18,微风,北风,阴,11,2013-04-19
0,,,,14,微风,北风,小雨~阵雨,8,2013-04-20
0,,,,14,微风,北风,阴,11,2013-04-21
0,,,,22,3-4级,南风,多云,16,2013-04-22
0,,,,20,微风,北风,阴~小到中雨,12,2013-04-23
0,,,,14,微风,北风,中雨~小雨,13,2013-04-24
0,,,,17,微风,北风,小雨~阴,15,2013-04-25
0,,,,23,微风,北风,阴~多云,16,2013-04-26
0,,,,29,微风,南风,多云,19,2013-04-27
0,,,,32,微风,南风,多云,23,2013-04-28
0,,,,31,微风,南风,阵雨~大雨,17,2013-04-29
0,,,,19,微风,北风,小雨~多云,14,2013-04-30
0,,,,27,微风,北风,多云,18,2013-05-01
0,,,,26,微风,南风,多云~阵雨,18,2013-05-02
0,,,,20,微风,北风,小雨,18,2013-05-03
0,,,,22,微风,北风,阵雨,20,2013-05-04
0,,,,27,微风,北风,阴~多云,22,2013-05-05
0,,,,28,微风,南风,阵雨,23,2013-05-06
0,,,,27,微风,南风,阵雨~中雨,23,2013-05-07
0,,,,24,微风,南风,中雨~小雨,20,2013-05-08
0,,,,27,微风,北风,大雨~小雨,19,2013-05-09
0,,,,24,微风,北风,阵雨~阴,18,2013-05-10
0,,,,28,微风,北风,晴,18,2013-05-11
0,,,,32,微风,南风,晴,20,2013-05-12
0,,,,33,微风,南风,晴~多云,22,2013-05-13
0,,,,32,微风,南风,阵雨~雷雨,21,2013-05-14
0,,,,27,微风,南风,中到大雨~小雨,21,2013-05-15
0,,,,25,微风,北风,小雨~阴,19,2013-05-16
0,,,,29,微风,北风,阴~阵雨,20,2013-05-17
0,,,,21,微风,北风,阵雨~中雨,19,2013-05-18
0,,,,21,微风,北风,小雨~阴,19,2013-05-19
0,,,,23,微风,北风,中雨~阴,19,2013-05-20
0,,,,31,微风,北风,晴~多云,21,2013-05-21
0,,,,34,微风,南风,晴,23,2013-05-22
0,,,,34,微风,南风,晴,25,2013-05-23
0,,,,35,微风,南风,晴~多云,25,2013-05-24
0,,,,34,微风~3-4级,南风~北风,多云~大雨,23,2013-05-25
0,,,,29,微风,南风,中到大雨~小雨,23,2013-05-26
0,,,,32,微风,北风,多云~晴,24,2013-05-27
0,,,,35,微风,南风,晴~多云,25,2013-05-28
0,,,,26,微风,北风,小雨~小到中雨,18,2013-05-29
0,,,,22,微风,北风,小雨~阴,19,2013-05-30
0,,,,30,微风,南风,多云~晴,24,2013-05-31
0,,,,33,微风,南风,中雨,22,2013-06-01
0,,,,25,微风,北风,小到中雨~阴,21,2013-06-02
0,,,,29,微风,南风,多云,23,2013-06-03
0,,,,33,微风,南风,晴,25,2013-06-04
0,,,,34,微风,南风,多云,25,2013-06-05
0,,,,34,微风,南风,多云,26,2013-06-06
0,,,,29,微风,北风,阵雨,24,2013-06-07
0,,,,31,微风,北风,多云,23,2013-06-08
0,,,,27,微风,北风,小雨~中到大雨,20,2013-06-09
0,,,,22,微风,北风,小雨,20,2013-06-10
0,,,,27,微风,北风,阴~多云,19,2013-06-11
0,,,,31,微风,北风,晴,20,2013-06-12
0,,,,33,微风,北风,晴,22,2013-06-13
0,,,,33,微风,北风,晴,24,2013-06-14
0,,,,34,微风,南风,晴~多云,26,2013-06-15
0,,,,35,微风,南风,晴,27,2013-06-16
0,,,,36,微风,南风,晴,27,2013-06-17
0,,,,37,微风,南风,晴,28,2013-06-18
0,,,,37,微风,南风,晴,28,2013-06-19
0,,,,37,微风,南风,晴~多云,28,2013-06-20
0,,,,37,微风,南风,晴~阵雨,28,2013-06-21
0,,,,36,微风,南风,晴,28,2013-06-22
0,,,,36,微风,南风,多云,27,2013-06-23
0,,,,36,微风,南风,晴,27,2013-06-24
0,,,,36,微风,南风,多云~阵雨,27,2013-06-25
0,,,,34,微风,南风,阵雨,27,2013-06-26
0,,,,33,微风,南风,阵雨~多云,27,2013-06-27
0,,,,30,微风,南风,阵雨,25,2013-06-28
0,,,,32,微风,南风,多云,27,2013-06-29
0,,,,36,微风,南风,多云~晴,28,2013-06-30
0,,,,37,微风,南风,晴,28,2013-07-01
0,,,,36,微风,南风,晴~多云,28,2013-07-02
0,,,,36,微风,南风,晴,28,2013-07-03
0,,,,36,微风,南风,晴,28,2013-07-04
0,,,,36,微风,南风,晴,28,2013-07-05
0,,,,36,微风,南风,晴,28,2013-07-06
0,,,,37,微风,南风,晴,29,2013-07-07
0,,,,37,微风,南风,晴,28,2013-07-08
0,,,,36,微风,南风,晴,28,2013-07-09
0,,,,37,微风,南风,晴,28,2013-07-10
0,,,,37,微风,南风,晴,29,2013-07-11
0,,,,38,微风,南风,晴,29,2013-07-12
0,,,,37,微风,南风~东南风,晴~多云,28,2013-07-13
0,,,,38,微风,北风,多云~阵雨,29,2013-07-14
0,,,,36,微风,南风,多云,27,2013-07-15
0,,,,37,微风,南风,多云~晴,29,2013-07-16
0,,,,37,微风,南风,晴,29,2013-07-17
0,,,,36,微风,南风,多云,28,2013-07-18
0,,,,37,微风,南风,晴,28,2013-07-19
0,,,,37,微风,南风,晴,28,2013-07-20
0,,,,36,微风,南风,多云,28,2013-07-21
0,,,,37,微风,南风,晴,28,2013-07-22
0,,,,38,微风,南风,晴,28,2013-07-23
0,,,,38,微风,南风,晴,28,2013-07-24
0,,,,38,微风,南风,晴,28,2013-07-25
0,,,,37,微风,南风,晴,28,2013-07-26
0,,,,38,微风,南风,晴,28,2013-07-27
0,,,,37,微风,南风,多云~晴,28,2013-07-28
0,,,,37,微风,南风,多云~晴,28,2013-07-29
0,,,,38,微风,南风,多云~晴,28,2013-07-30
0,,,,39,微风,南风,晴,30,2013-07-31
0,,,,39,微风,南风,晴,29,2013-08-01
0,,,,40,微风,南风,晴~多云,29,2013-08-02
0,,,,37,微风,南风,多云,29,2013-08-03
0,,,,38,微风,南风,晴,29,2013-08-04
0,,,,39,微风,南风,晴,29,2013-08-05
0,,,,39,微风,南风,晴,29,2013-08-06
0,,,,40,微风,南风,晴,29,2013-08-07
0,,,,39,微风,南风,晴,29,2013-08-08
0,,,,39,微风,南风,晴,29,2013-08-09
0,,,,40,微风,南风,晴,29,2013-08-10
0,,,,39,微风,南风,晴,28,2013-08-11
0,,,,38,微风,南风,晴,29,2013-08-12
0,,,,39,微风,南风,晴,28,2013-08-13
0,,,,37,微风,南风,多云~阵雨,26,2013-08-14
0,,,,33,微风,南风,阵雨~中雨,25,2013-08-15
0,,,,28,微风,南风,中雨,25,2013-08-16
0,,,,28,微风,北风,阵雨,25,2013-08-17
0,,,,28,微风,东北风,小雨,25,2013-08-18
0,,,,31,微风,东北风,阴~多云,26,2013-08-19
0,,,,34,微风,东风,多云~阵雨,26,2013-08-20
0,,,,35,微风,北风,多云,26,2013-08-21
0,,,,34,微风,北风,多云~暴雨,24,2013-08-22
0,,,,26,微风,北风,大到暴雨~中雨,25,2013-08-23
0,,,,33,微风,南风,小雨~多云,26,2013-08-24
0,,,,35,微风,南风,多云,27,2013-08-25
0,,,,36,微风,南风,晴,27,2013-08-26
0,,,,37,微风,南风,晴,28,2013-08-27
0,,,,37,微风,南风,晴,28,2013-08-28
0,,,,37,微风,南风,多云~小雨,24,2013-08-29
0,,,,35,微风,北风,多云,26,2013-08-30
0,,,,33,微风,北风,多云,25,2013-08-31
0,,,,30,微风,北风,多云,24,2013-09-01
0,,,,32,微风,北风,多云~小雨,23,2013-09-02
0,,,,22,微风,北风,小雨,20,2013-09-03
0,,,,22,微风,北风,小雨,20,2013-09-04
0,,,,21,微风,北风,小雨,18,2013-09-05
0,,,,21,微风,北风,小雨~阴,18,2013-09-06
0,,,,23,微风,北风,阵雨~晴,21,2013-09-07
0,,,,28,微风,南风,阴~多云,24,2013-09-08
0,,,,35,微风,南风,晴,25,2013-09-09
0,,,,36,微风,南风,晴~多云,25,2013-09-10
0,,,,27,微风,北风,阴,23,2013-09-11
0,,,,26,微风,北风,阴~多云,23,2013-09-12
0,,,,32,微风,北风,多云~晴,24,2013-09-13
0,,,,35,微风,北风,多云~晴,25,2013-09-14
0,,,,35,微风,北风,晴,25,2013-09-15
0,,,,36,微风,南风,晴,26,2013-09-16
0,,,,36,微风,南风,晴,26,2013-09-17
0,,,,36,微风,北风,晴,25,2013-09-18
0,,,,34,微风,北风,晴,24,2013-09-19
0,,,,34,微风,北风,晴,25,2013-09-20
0,,,,35,微风,南风,晴~多云,25,2013-09-21
0,,,,30,微风,北风,阴~小雨,25,2013-09-22
0,,,,27,微风,北风,中雨,24,2013-09-23
0,,,,30,微风,北风,晴~中雨,17,2013-09-24
0,,,,17,微风,北风,阵雨,15,2013-09-25
0,,,,18,微风,北风,阵雨,15,2013-09-26
0,,,,22,微风,北风,阴~阵雨,16,2013-09-27
0,,,,25,微风,北风,阴~晴,16,2013-09-28
0,,,,29,微风,北风,晴,17,2013-09-29
0,,,,29,微风,北风,多云,19,2013-09-30
0,,,,26,微风,北风,阵雨~多云,19,2013-10-01
0,,,,30,微风,北风,晴~多云,19,2013-10-02
0,,,,30,微风,北风,晴,20,2013-10-03
0,,,,29,微风,北风,晴,18,2013-10-04
0,,,,28,微风,北风,晴,18,2013-10-05
0,,,,29,微风,北风,多云,20,2013-10-06
0,,,,28,微风,北风,晴~多云,20,2013-10-07
0,,,,24,微风,北风,阵雨~阴,21,2013-10-08
0,,,,28,微风,北风,阴~晴,20,2013-10-09
0,,,,32,微风,北风,晴,20,2013-10-10
0,,,,33,微风,北风,晴,20,2013-10-11
0,,,,33,微风,南风,晴,21,2013-10-12
0,,,,34,微风,南风,晴,22,2013-10-13
0,,,,32,微风,北风,晴~多云,16,2013-10-14
0,,,,20,微风,北风,阴,13,2013-10-15
0,,,,20,微风,北风,阴~多云,14,2013-10-16
0,,,,20,微风,北风,阴,14,2013-10-17
0,,,,19,微风,北风,阴~小雨,14,2013-10-18
0,,,,19,微风,北风,阴,14,2013-10-19
0,,,,20,微风,北风,阴,16,2013-10-20
0,,,,22,微风,北风,阵雨~阴,17,2013-10-21
0,,,,24,微风,北风,阴~多云,17,2013-10-22
0,,,,25,微风,北风,晴,17,2013-10-23
0,,,,25,微风,北风,阴~多云,14,2013-10-24
0,,,,26,微风,北风,晴,11,2013-10-25
0,,,,24,微风,北风,晴,12,2013-10-26
0,,,,24,微风,北风,晴,14,2013-10-27
0,,,,26,微风,南风,多云,17,2013-10-28
0,,,,25,微风,南风,多云,18,2013-10-29
0,,,,19,微风,北风,小雨,16,2013-10-30
0,,,,21,微风,北风,小雨~阴,17,2013-10-31
0,,,,20,微风,北风,阴,17,2013-11-01
0,,,,19,微风,北风,阴,15,2013-11-02
0,,,,18,微风,北风,阴,15,2013-11-03
0,,,,23,微风,北风,多云,16,2013-11-04
0,,,,25,微风,北风,多云~晴,15,2013-11-05
0,,,,25,微风,北风,多云~晴,14,2013-11-06
0,,,,27,微风,南风,晴,17,2013-11-07
0,,,,30,微风,南风,多云,20,2013-11-08
0,,,,33,微风,南风,晴~多云,17,2013-11-09
0,,,,17,微风,北风,小雨,12,2013-11-10
0,,,,13,微风,北风,中雨,12,2013-11-11
0,,,,12,微风,北风,中雨~小雨,10,2013-11-12
0,,,,13,微风,北风,小雨~阴,9,2013-11-13
0,,,,14,微风,北风,阴,11,2013-11-14
0,,,,19,微风,北风,多云~晴,9,2013-11-15
0,,,,18,微风,北风,阴~多云,9,2013-11-16
0,,,,20,微风,北风,多云,10,2013-11-17
0,,,,20,微风,北风,晴~多云,10,2013-11-18
0,,,,21,微风,北风,晴~多云,11,2013-11-19
0,,,,20,微风,北风,多云,12,2013-11-20
0,,,,22,微风,北风,多云,15,2013-11-21
0,,,,22,微风,北风,多云~小雨,14,2013-11-22
0,,,,20,微风,南风,多云~中雨,9,2013-11-23
0,,,,11,3-4级,北风,阵雨~多云,7,2013-11-24
0,,,,17,微风,北风,晴,7,2013-11-25
0,,,,17,微风,北风,多云~小雨,8,2013-11-26
0,,,,13,微风,北风,小雨~阴,6,2013-11-27
0,,,,16,微风,北风,晴,4,2013-11-28
0,,,,15,微风,北风,晴,5,2013-11-29
0,,,,18,微风,北风,晴,7,2013-11-30
0,,,,20,微风,北风,晴,8,2013-12-01
0,,,,20,微风,北风,晴,8,2013-12-02
0,,,,21,微风,北风,晴,7,2013-12-03
0,,,,20,微风,北风,晴,8,2013-12-04
0,,,,19,微风,北风,晴~多云,6,2013-12-05
0,,,,18,微风,北风,多云~晴,7,2013-12-06
0,,,,19,微风,北风,多云~晴,8,2013-12-07
0,,,,19,微风,北风,多云,9,2013-12-08
0,,,,12,微风,北风,阴~多云,7,2013-12-09
0,,,,14,微风,北风,多云~阴,8,2013-12-10
0,,,,12,微风,北风,阴,8,2013-12-11
0,,,,12,微风,北风,阴~小雨,7,2013-12-12
0,,,,12,微风,北风,阴~小雨,8,2013-12-13
0,,,,13,微风,北风,阴~中到大雨,6,2013-12-14
0,,,,9,微风,北风,中到大雨~中雨,5,2013-12-15
0,,,,5,微风,北风,中到大雨~中雨,4,2013-12-16
0,,,,7,微风,北风,小雨~阴,2,2013-12-17
0,,,,10,微风,北风,多云,3,2013-12-18
0,,,,11,微风,北风,多云~晴,1,2013-12-19
0,,,,11,微风,北风,多云~晴,2,2013-12-20
0,,,,11,微风,北风,晴,2,2013-12-21
0,,,,10,微风,北风,晴,2,2013-12-22
0,,,,10,微风,北风,多云,3,2013-12-23
0,,,,12,微风,北风,晴~多云,4,2013-12-24
0,,,,11,微风,北风,晴,4,2013-12-25
0,,,,12,微风,北风,晴~多云,2,2013-12-26
0,,,,8,微风,北风,晴,1,2013-12-27
0,,,,9,微风,北风,晴~多云,0,2013-12-28
0,,,,11,微风,北风,晴,1,2013-12-29
0,,,,14,微风,北风,晴,4,2013-12-30
0,,,,15,微风,北风,晴,4,2013-12-31
0,,,,18,微风,北风,晴,5,2014-01-01
0,,,,18,微风,北风,晴,7,2014-01-02
0,,,,17,微风,北风,多云~晴,5,2014-01-03
0,,,,17,微风,北风,晴,6,2014-01-04
0,,,,18,微风,北风,晴~多云,5,2014-01-05
0,,,,17,微风,北风,多云~阴,8,2014-01-06
0,,,,10,微风~3-4级,北风,小雨,4,2014-01-07
0,,,,7,微风,北风,小雨~阴,4,2014-01-08
0,,,,8,微风,北风,阴,5,2014-01-09
0,,,,8,微风,北风,小雨,5,2014-01-10
0,,,,6,微风,北风,小雨,4,2014-01-11
0,,,,6,微风,北风,小雨,3,2014-01-12
0,,,,8,微风,北风,小雨~多云,1,2014-01-13
0,,,,10,微风,北风,雾~晴,1,2014-01-14
0,,,,12,微风,北风,雾~晴,3,2014-01-15
0,,,,14,微风,北风,晴,3,2014-01-16
0,,,,15,微风,北风,多云~晴,2,2014-01-17
0,,,,16,3-4级,北风,多云~晴,4,2014-01-18
0,,,,16,微风,北风,晴~多云,5,2014-01-19
0,,,,14,微风,北风,多云~晴,3,2014-01-20
0,,,,16,微风,北风,晴,2,2014-01-21
0,,,,16,微风,北风,晴,3,2014-01-22
0,,,,17,微风,北风,晴,6,2014-01-23
0,,,,22,微风,南风,晴~多云,10,2014-01-24
0,,,,18,微风,北风,多云~阴,10,2014-01-25
0,,,,14,微风,北风,多云~阴,9,2014-01-26
0,,,,18,微风,北风,多云,9,2014-01-27
0,,,,18,微风,北风,多云~阴,10,2014-01-28
0,,,,16,微风,北风,阴~多云,9,2014-01-29
0,,,,22,微风,南风,晴,12,2014-01-30
0,,,,26,微风,南风,晴,13,2014-01-31
0,,,,28,微风,南风,晴,14,2014-02-01
0,,,,27,微风,南风,晴,15,2014-02-02
0,,,,27,微风,南风~北风,晴~多云,9,2014-02-03
0,,,,9,微风,北风,阴~小雨,6,2014-02-04
0,,,,9,微风,北风,阴~小雨,3,2014-02-05
0,,,,4,微风,北风,小雨,1,2014-02-06
0,,,,4,微风,北风,阴~小雨,1,2014-02-07
0,,,,3,微风,北风,小雨~雨夹雪,-1,2014-02-08
0,,,,1,微风,北风,雨夹雪~小雪,-2,2014-02-09
0,,,,0,微风,北风,小雪~阴,-2,2014-02-10
0,,,,1,微风,北风,阴,-2,2014-02-11
0,,,,1,微风,北风,小雪~雨夹雪,0,2014-02-12
0,,,,2,微风,北风,阴,-1,2014-02-13
0,,,,7,微风,北风,阴,2,2014-02-14
0,,,,8,微风,北风,阴~小雨,4,2014-02-15
0,,,,7,微风,北风,小雨,4,2014-02-16
0,,,,5,微风,北风,小雨~中雨,2,2014-02-17
0,,,,3,微风,北风,中雨~小雪,-1,2014-02-18
0,,,,10,微风,北风,多云~晴,-1,2014-02-19
0,,,,13,微风,北风,晴,0,2014-02-20
0,,,,13,微风,北风,多云~阴,8,2014-02-21
0,,,,15,微风,北风,多云~阵雨,10,2014-02-22
0,,,,13,微风,北风,阴~小雨,10,2014-02-23
0,,,,11,微风,北风,小雨,9,2014-02-24
0,,,,10,微风,北风,小雨,9,2014-02-25
0,,,,12,微风,北风,阴~多云,9,2014-02-26
0,,,,18,微风,北风,小雨,11,2014-02-27
0,,,,12,微风,北风,小雨,9,2014-02-28
0,,,,7,微风,北风,小雨,6,2014-03-01
0,,,,8,微风,北风,小雨,6,2014-03-02
0,,,,8,微风,北风,小雨,7,2014-03-03
0,,,,12,微风,北风,小雨~多云,8,2014-03-04
0,,,,15,微风,北风,多云~小雨,8,2014-03-05
0,,,,10,微风,北风,小雨,7,2014-03-06
0,,,,8,微风,北风,小雨,6,2014-03-07
0,,,,15,微风,北风,阴,8,2014-03-09
0,,,,12,3-4级,北风,阴~小雨,9,2014-03-10
0,,,,12,微风,北风,阴~中雨,10,2014-03-11
0,,,,13,微风,北风,中雨~阴,9,2014-03-12
0,,,,13,微风,北风,阴~多云,7,2014-03-13
0,,,,13,微风,北风,阴~多云,10,2014-03-14
0,,,,15,微风,北风,阵雨~小雨,10,2014-03-15
0,,,,17,微风,南风,阴~多云,13,2014-03-16
0,,,,26,微风,南风,晴,17,2014-03-17
0,,,,26,微风,南风,多云,16,2014-03-18
0,,,,24,微风,南风~北风,雷雨,12,2014-03-19
0,,,,12,微风,北风,小雨~阴,8,2014-03-20
0,,,,18,微风,北风,多云,9,2014-03-21
0,,,,18,微风,北风,多云,11,2014-03-22
0,,,,15,微风,北风,小雨~阵雨,12,2014-03-23
0,,,,17,微风,北风,阵雨,15,2014-03-24
0,,,,25,微风,南风,多云~阵雨,16,2014-03-25
0,,,,25,微风,南风,阵雨,18,2014-03-26
0,,,,25,微风,南风,阵雨,18,2014-03-27
0,,,,22,微风,南风,阵雨,18,2014-03-28
0,,,,27,微风,北风,多云~阵雨,19,2014-03-29
0,,,,20,微风,北风,中雨~小雨,16,2014-03-30
0,,,,19,微风,北风,小雨~多云,15,2014-03-31
0,,,,22,微风,北风,多云~小雨,15,2014-04-01
0,,,,18,微风,北风,小雨,14,2014-04-02
0,,,,23,微风,北风,多云,14,2014-04-03
0,,,,25,微风,北风,晴~多云,16,2014-04-04
0,,,,24,微风,北风,多云~小雨,15,2014-04-05
0,,,,17,微风,北风,中雨~小雨,15,2014-04-06
0,,,,17,微风,北风,小雨~阵雨,16,2014-04-07
0,,,,21,微风,北风,小雨,17,2014-04-08
0,,,,26,微风,北风,多云~阵雨,18,2014-04-09
0,,,,26,微风,南风,阵雨,20,2014-04-10
0,,,,29,微风,南风,阴~多云,22,2014-04-11
0,,,,27,微风,南风,阵雨~小雨,15,2014-04-12
0,,,,21,微风,北风,阴~多云,17,2014-04-13
0,,,,26,微风,北风,多云,18,2014-04-14
0,,,,29,微风,南风,多云,22,2014-04-15
0,,,,34,微风,南风,晴,23,2014-04-16
0,,,,30,微风,南风,多云~晴,22,2014-04-17
0,,,,32,微风,南风~北风,晴~多云,20,2014-04-18
0,,,,20,微风,北风,小雨,16,2014-04-19
0,,,,22,微风,北风,阴~小雨,16,2014-04-20
0,,,,20,微风,北风,小雨,15,2014-04-21
0,,,,20,微风,北风,阵雨,16,2014-04-22
0,,,,19,微风,北风~南风,阵雨~中雨,16,2014-04-23
0,,,,19,微风,北风,小雨,16,2014-04-24
0,,,,19,微风,北风,中雨,16,2014-04-25
0,,,,18,微风,北风,小雨,16,2014-04-26
0,,,,23,微风,北风,多云,16,2014-04-27
0,,,,26,微风,北风,多云,16,2014-04-28
0,,,,21,微风,北风,阵雨,16,2014-04-29
0,,,,23,微风,北风,多云,15,2014-04-30
0,,,,28,微风,南风,晴,16,2014-05-01
0,,,,30,微风,北风,晴~多云,17,2014-05-02
0,,,,29,微风,南风,多云~小雨,15,2014-05-03
0,,,,17,微风,北风,中雨~小雨,15,2014-05-04
0,,,,23,微风,北风,多云,16,2014-05-05
0,,,,25,微风,南风,多云,18,2014-05-06
0,,,,25,微风,南风,阵雨~多云,20,2014-05-07
0,,,,27,微风,南风,多云~阵雨,21,2014-05-08
0,,,,26,微风,南风,阵雨,22,2014-05-09
0,,,,27,微风,南风~北风,中雨~暴雨,19,2014-05-10
0,,,,22,微风,北风,阴~多云,18,2014-05-11
0,,,,27,微风,北风,多云,21,2014-05-12
0,,,,30,微风,南风,阵雨,21,2014-05-13
0,,,,23,微风,北风,中雨~小雨,20,2014-05-14
0,,,,25,微风,北风,阴~阵雨,20,2014-05-15
0,,,,26,微风,北风,多云,21,2014-05-16
0,,,,23,微风,北风,中雨~阵雨,19,2014-05-17
0,,,,23,微风,北风,阵雨,19,2014-05-18
0,,,,25,微风,北风,阵雨~阴,20,2014-05-19
0,,,,30,微风,北风,晴~多云,21,2014-05-20
0,,,,28,微风,南风,阵雨~中雨,21,2014-05-21
0,,,,25,微风,北风,中雨~阵雨,21,2014-05-22
0,,,,27,微风,南风,阵雨,23,2014-05-23
0,,,,34,微风,南风,晴~多云,25,2014-05-24
0,,,,26,微风,南风~北风,暴雨~小雨,21,2014-05-25
0,,,,26,微风,北风,阴~多云,21,2014-05-26
0,,,,30,微风,北风,多云,23,2014-05-27
0,,,,31,微风,南风,多云,25,2014-05-28
0,,,,32,微风,南风,多云~阵雨,26,2014-05-29
0,,,,30,微风,南风,阵雨,25,2014-05-30
0,,,,32,微风,南风,阵雨,26,2014-05-31
0,,,,35,微风,南风,雷雨~中雨,24,2014-06-01
0,,,,27,微风,北风,大雨~阵雨,23,2014-06-02
0,,,,31,微风,北风,多云,24,2014-06-03
0,,,,28,微风,北风,阵雨~小雨,24,2014-06-04
0,,,,26,微风,北风,中雨~小雨,23,2014-06-05
0,,,,26,微风,北风,阵雨~多云,23,2014-06-06
0,,,,32,微风,北风,多云,24,2014-06-07
0,,,,33,微风,北风,多云,25,2014-06-08
0,,,,33,微风,北风,多云,25,2014-06-09
0,,,,28,微风,北风,阴~多云,22,2014-06-10
0,,,,31,微风,北风,多云,23,2014-06-11
0,,,,34,微风,北风,晴,24,2014-06-12
0,,,,35,微风,北风,晴,25,2014-06-13
0,,,,35,微风,北风,多云~晴,25,2014-06-14
0,,,,35,微风,南风,晴~多云,26,2014-06-15
0,,,,32,微风,北风,多云~雷雨,24,2014-06-16
0,,,,26,微风,北风,阵雨,23,2014-06-17
0,,,,29,微风,南风,阵雨~雷雨,25,2014-06-18
0,,,,31,微风,北风,阵雨,25,2014-06-19
0,,,,29,微风,北风,暴雨,24,2014-06-20
0,,,,28,微风,北风,中雨~小雨,23,2014-06-21
0,,,,26,微风,北风,小雨~阴,23,2014-06-22
0,,,,29,微风,北风,阴~阵雨,24,2014-06-23
0,,,,28,微风,北风,阵雨~阴,24,2014-06-24
0,,,,33,微风,南风,多云,25,2014-06-25
0,,,,35,微风,南风,多云,27,2014-06-26
0,,,,29,微风,北风,阵雨,24,2014-06-27
0,,,,30,微风,北风,阴,25,2014-06-28
0,,,,31,微风,北风,阴~多云,25,2014-06-29
0,,,,30,微风,北风,阴~多云,25,2014-06-30
0,,,,35,微风,北风,晴~多云,26,2014-07-01
0,,,,35,微风,南风,多云,27,2014-07-02
0,,,,35,微风,南风,多云~阵雨,27,2014-07-03
0,,,,35,微风,南风,多云~阵雨,26,2014-07-04
0,,,,28,微风,北风,阵雨,24,2014-07-05
0,,,,32,微风,北风,阴,25,2014-07-06
0,,,,35,微风,北风,晴,25,2014-07-07
0,,,,36,微风,南风,晴~多云,27,2014-07-08
0,,,,36,微风,北风~南风,多云,28,2014-07-09
0,,,,36,微风,南风,多云~晴,27,2014-07-10
0,,,,37,微风,南风,晴,28,2014-07-11
0,,,,36,微风,南风,阵雨~雷雨,25,2014-07-12
0,,,,29,微风,北风,中雨~阵雨,24,2014-07-13
0,,,,28,微风,北风,中雨~雷雨,24,2014-07-14
0,,,,31,微风,北风,多云,25,2014-07-15
0,,,,34,微风,南风,多云,27,2014-07-16
0,,,,35,微风,南风,多云,27,2014-07-17
0,,,,35,微风,东南风,阵雨~雷雨,26,2014-07-18
0,,,,35,微风,东北风,阵雨~多云,26,2014-07-19
0,,,,36,微风,东北风~东南风,多云~晴,28,2014-07-20
0,,,,36,微风,南风,晴,28,2014-07-21
0,,,,37,微风,南风,晴,28,2014-07-22
0,,,,37,微风,南风,晴~多云,28,2014-07-23
0,,,,35,微风,北风,阵雨~多云,27,2014-07-24
0,,,,34,微风,北风,多云~阵雨,25,2014-07-25
0,,,,31,微风,北风,多云~阵雨,26,2014-07-26
0,,,,32,微风,北风,多云~阵雨,26,2014-07-27
0,,,,35,微风,南风,晴,26,2014-07-28
0,,,,37,微风,南风,晴,27,2014-07-29
0,,,,37,微风,南风,晴,27,2014-07-30
0,,,,38,微风,南风,晴,28,2014-07-31
0,,,,37,微风,北风,多云~晴,27,2014-08-01
0,,,,35,微风,北风,多云~阵雨,26,2014-08-02
0,,,,35,微风,南风,多云,26,2014-08-03
0,,,,35,微风,南风,多云~阵雨,26,2014-08-04
0,,,,36,微风,南风,多云,27,2014-08-05
0,,,,36,微风,南风,多云,27,2014-08-06
0,,,,35,微风,南风,多云~阵雨,27,2014-08-07
0,,,,30,微风,北风,多云~阵雨,24,2014-08-08
0,,,,30,微风,北风,阴,25,2014-08-09
0,,,,32,微风,北风,多云,26,2014-08-10
0,,,,29,微风,北风,阵雨,24,2014-08-11
0,,,,26,微风,北风,阵雨,22,2014-08-12
0,,,,24,微风,北风,阵雨,21,2014-08-13
0,,,,26,微风,北风,阵雨,23,2014-08-14
0,,,,27,微风,南风,阴,23,2014-08-15
0,,,,29,微风,南风,多云,25,2014-08-16
0,,,,30,微风,南风,阵雨,24,2014-08-17
0,,,,29,微风,北风,暴雨,22,2014-08-18
0,,,,24,微风,北风,阴,21,2014-08-19
0,,,,32,微风,北风,多云,24,2014-08-20
0,,,,32,微风,南风,多云,24,2014-08-21
0,,,,34,微风,南风,晴,25,2014-08-22
0,,,,34,微风,南风,多云,26,2014-08-23
0,,,,34,微风,南风,阵雨,26,2014-08-24
0,,,,30,微风,南风,多云,25,2014-08-25
0,,,,32,微风,南风,多云,25,2014-08-26
0,,,,33,微风,南风,多云,25,2014-08-27
0,,,,33,微风,北风,多云,26,2014-08-28
0,,,,35,微风,南风,多云~晴,25,2014-08-29
0,,,,35,微风,南风,晴,26,2014-08-30
0,,,,36,微风,南风,晴,27,2014-08-31
0,,,,35,微风,北风,多云,24,2014-09-01
0,,,,35,微风,南风,多云~雷雨,24,2014-09-02
0,,,,26,微风,北风,阵雨~多云,22,2014-09-03
0,,,,31,微风,北风,多云~阵雨,23,2014-09-04
0,,,,28,微风,北风,阵雨~多云,23,2014-09-05
0,,,,33,微风,北风,多云~晴,25,2014-09-06
0,,,,36,微风,南风,晴,26,2014-09-07
0,,,,36,微风,南风,晴,26,2014-09-08
0,,,,37,微风,南风,晴~多云,27,2014-09-09
0,,,,34,微风,南风,多云,27,2014-09-10
0,,,,36,微风,南风,多云,26,2014-09-11
0,,,,36,微风,南风,多云,25,2014-09-12
0,,,,26,微风,北风,阵雨~阴,22,2014-09-13
0,,,,26,微风,北风,小雨~阴,21,2014-09-14
0,,,,25,微风,北风,阴~阵雨,22,2014-09-15
0,,,,26,微风,北风,阵雨,22,2014-09-16
0,,,,28,微风,北风,阴~多云,23,2014-09-17
0,,,,25,微风,北风,小雨,18,2014-09-18
0,,,,21,微风,北风,小雨~阴,17,2014-09-19
0,,,,27,微风,北风,多云,18,2014-09-20
0,,,,30,微风,北风,晴,20,2014-09-21
0,,,,29,微风,北风,多云,23,2014-09-22
0,,,,29,微风,北风,多云,22,2014-09-23
0,,,,24,微风,北风,小雨~阴,21,2014-09-24
0,,,,29,微风,北风,多云,22,2014-09-25
0,,,,33,微风,南风,晴,23,2014-09-26
0,,,,35,微风,南风,晴,24,2014-09-27
0,,,,36,微风,南风,晴~多云,23,2014-09-28
0,,,,27,微风,北风,阴,21,2014-09-29
0,,,,26,微风,北风,阴,22,2014-09-30
0,,,,28,微风,北风,阴,23,2014-10-01
0,,,,27,微风,北风,小雨~多云,22,2014-10-02
0,,,,30,微风,北风,多云,21,2014-10-03
0,,,,30,微风,北风,晴~多云,19,2014-10-04
0,,,,30,微风,北风,多云~晴,19,2014-10-05
0,,,,29,微风,北风,晴~多云,19,2014-10-06
0,,,,30,微风,北风,晴,18,2014-10-07
0,,,,28,微风,北风,晴,18,2014-10-08
0,,,,29,微风,北风,晴,18,2014-10-09
0,,,,29,微风,北风,晴,18,2014-10-10
0,,,,29,微风,北风,晴,19,2014-10-11
0,,,,26,微风,北风,多云,19,2014-10-12
0,,,,25,微风,北风,多云,16,2014-10-13
0,,,,23,微风,北风,多云~晴,16,2014-10-14
0,,,,26,微风,北风,多云~晴,18,2014-10-15
0,,,,29,微风,北风,多云~晴,20,2014-10-16
0,,,,29,微风,北风,多云~晴,21,2014-10-17
0,,,,30,微风,北风~南风,晴,20,2014-10-18
0,,,,32,微风,南风,晴,23,2014-10-19
0,,,,32,微风,南风~北风,多云~小雨,20,2014-10-20
0,,,,22,微风,北风,小雨~阴,17,2014-10-21
0,,,,27,微风,北风,晴,17,2014-10-22
0,,,,26,微风,北风,多云~晴,16,2014-10-23
0,,,,27,微风,北风,晴,17,2014-10-24
0,,,,30,微风,北风,晴,19,2014-10-25
0,,,,31,微风,北风,晴,21,2014-10-26
0,,,,31,微风,北风,晴~多云,21,2014-10-27
0,,,,28,微风,北风,多云,22,2014-10-28
0,,,,25,微风,北风,多云~阵雨,16,2014-10-29
0,,,,19,微风,北风,小雨,14,2014-10-30
0,,,,17,微风,北风,小雨,14,2014-10-31
0,,,,16,微风,北风,小雨,13,2014-11-01
0,,,,16,微风,北风,阴,12,2014-11-02
0,,,,20,微风,北风,多云~晴,12,2014-11-03
0,,,,21,微风,北风,晴~多云,14,2014-11-04
0,,,,18,微风,北风,小雨~阴,15,2014-11-05
0,,,,20,微风,北风,多云~小雨,13,2014-11-06
0,,,,15,微风,北风,中雨,13,2014-11-07
0,,,,16,微风,北风,阴~小雨,13,2014-11-08
0,,,,15,微风,北风,小雨~阴,13,2014-11-09
0,,,,15,微风,北风,阴,13,2014-11-10
0,,,,15,微风,北风,小雨,13,2014-11-11
0,,,,16,微风,北风,阴,13,2014-11-12
0,,,,19,微风,北风,阴~多云,11,2014-11-13
0,,,,21,微风,北风,多云,11,2014-11-14
0,,,,15,微风,北风,阵雨~小雨,12,2014-11-15
0,,,,16,微风,北风,阴,11,2014-11-16
0,,,,16,微风,北风,阴~多云,11,2014-11-17
0,,,,18,微风,北风,多云,10,2014-11-18
0,,,,18,微风,北风,多云,11,2014-11-19
0,,,,20,微风,北风,晴~多云,20,2014-11-20
0,,,,18,微风,北风,小雨~多云,14,2014-11-21
0,,,,23,微风,南风,多云,14,2014-11-22
0,,,,19,微风,北风,阴~小雨,12,2014-11-23
0,,,,13,微风,北风,小雨,11,2014-11-24
0,,,,13,微风,北风,小雨,,2014-11-25
0,,,,17,微风,东北风,阴,,2014-11-26
0,,,,19,微风,北风,小雨,12,2014-11-27
0,,,,16,微风,北风,阵雨,13,2014-11-28
0,,,,16,微风~3-4级,北风,小雨,11,2014-11-29
0,,,,12,微风~3-4级,北风,小雨,,2014-11-30
0,,,,12,微风,北风,阴~多云,5,2014-12-01
0,,,,11,3级,北风,小到中雨~阴,8,2014-12-02
0,,,,10,微风,北风,小雨,5,2014-12-03
0,,,,12,微风,北风,多云,5,2014-12-04
0,,,,12,微风,北风,阴~多云,7,2014-12-05
0,,,,14,微风,北风,多云~小雨,8,2014-12-06
0,,,,12,微风,北风,阴,9,2014-12-07
0,,,,15,微风,北风,多云,9,2014-12-08
0,,,,13,微风,北风,阴,8,2014-12-09
0,,,,7,微风,北风,小雨,4,2014-12-10
0,,,,8,微风,北风,阴,4,2014-12-11
0,,,,10,微风,北风,多云,3,2014-12-12
0,,,,13,微风,北风,晴,2,2014-12-13
0,,,,12,微风,北风,多云~阴,7,2014-12-14
0,,,,11,微风,北风,阴,6,2014-12-15
0,,,,13,微风,北风,阴,1,2014-12-16
0,,,,11,微风,北风,晴,3,2014-12-17
0,,,,13,微风,北风,多云,3,2014-12-18
0,,,,12,微风,北风,阴~多云,5,2014-12-19
0,,,,16,微风,北风,晴~多云,3,2014-12-20
0,,,,13,微风,北风,多云~晴,1,2014-12-21
0,,,,12,微风,北风,晴,1,2014-12-22
0,,,,16,微风,南风,晴~多云,4,2014-12-23
0,,,,17,微风,北风,晴~多云,4,2014-12-24
0,,,,13,微风,北风,阴,8,2014-12-25
0,,,,9,微风,北风,阴~小雨,5,2014-12-26
0,,,,7,微风,北风,小雨,4,2014-12-27
0,,,,12,微风,北风,多云~晴,2,2014-12-28
0,,,,17,微风,南风,晴,3,2014-12-29
0,,,,19,微风,南风~北风,晴~多云,5,2014-12-30
0,,,,16,微风,南风~北风,多云~晴,4,2014-12-31
0,,,,14,微风,北风,多云~晴,7,2015-01-01
0,,,,14,微风,北风~南风,晴~多云,5,2015-01-02
0,,,,18,微风,南风,晴~多云,7,2015-01-03
0,,,,21,微风,南风,晴,10,2015-01-04
0,,,,18,微风,南风~北风,小雨,9,2015-01-05
0,,,,11,微风,北风,小雨,4,2015-01-06
0,,,,9,微风,北风,阴~多云,5,2015-01-07
0,,,,12,微风,北风,多云,6,2015-01-08
0,,,,12,微风,北风,多云~阴,7,2015-01-09
0,,,,9,微风,北风,小雨~阴,7,2015-01-10
0,,,,11,微风,北风,小雨,8,2015-01-11
0,,,,10,微风,北风,小雨,8,2015-01-12
0,,,,11,微风,北风,阴~多云,7,2015-01-13
0,,,,14,微风,北风,多云,4,2015-01-14
0,,,,16,微风,北风,多云,6,2015-01-15
0,,,,15,微风,北风,晴~多云,7,2015-01-16
0,,,,13,微风,北风,多云,6,2015-01-17
0,,,,11,微风,北风,阴~多云,7,2015-01-18
0,,,,15,微风,北风,多云,6,2015-01-19
0,,,,15,微风,北风,小雨,7,2015-01-20
0,,,,18,微风,北风,多云~晴,5,2015-01-21
0,,,,19,微风,北风,晴,7,2015-01-22
0,,,,20,微风,南风,晴~多云,8,2015-01-23
0,,,,19,微风,南风,阴~多云,14,2015-01-24
0,,,,15,微风,北风,阴,10,2015-01-25
0,,,,13,微风,北风,阴~小雨,7,2015-01-26
0,,,,8,微风,北风,小雨,7,2015-01-27
0,,,,3,微风,北风,小雨,2,2015-01-28
0,,,,2,微风,北风,小雨,0,2015-01-29
0,,,,1,微风,北风,小雨,-1,2015-01-30
0,,,,3,微风,北风,小雨,1,2015-01-31
0,,,,5,微风,北风,小雨,2,2015-02-01
0,,,,5,微风,北风,小雨,3,2015-02-02
0,,,,5,微风,北风,小雨,2,2015-02-03
0,,,,7,微风,北风,阴,2,2015-02-04
0,,,,10,微风,北风,多云,3,2015-02-05
0,,,,13,微风,北风,多云,2,2015-02-06
0,,,,12,微风,北风,多云,6,2015-02-07
0,,,,12,微风,北风,晴~多云,4,2015-02-08
0,,,,13,微风,北风,多云,6,2015-02-09
0,,,,8,,偏风,晴~阴,4,2015-02-10
0,,,,16,微风,北风,多云~晴,5,2015-02-11
0,,,,20,微风,南风,晴~多云,6,2015-02-12
0,,,,22,微风,南风,晴~多云,10,2015-02-13
0,,,,19,微风,北风,阵雨,14,2015-02-14
0,,,,19,微风,南风,阵雨,12,2015-02-15
0,,,,19,微风,南风,阴~多云,14,2015-02-16
0,,,,20,微风,北风,小雨,13,2015-02-17
0,,,,22,微风,北风,阵雨,14,2015-02-18
0,,,,18,微风,北风,阵雨,13,2015-02-19
0,,,,16,微风,北风,阵雨~中雨,8,2015-02-20
0,,,,11,微风,北风,阴~小雨,7,2015-02-21
0,,,,14,微风,北风,小雨,9,2015-02-22
0,,,,12,微风,北风,小雨,8,2015-02-23
0,,,,15,微风,南风,阴~多云,9,2015-02-24
0,,,,13,微风,北风,阵雨,10,2015-02-25
0,,,,11,微风,北风,小雨,8,2015-02-26
0,,,,12,微风,北风,小雨,9,2015-02-27
0,,,,6,微风,北风,小雨,4,2015-02-28
0,,,,10,微风,北风,阴,4,2015-03-01
0,,,,13,微风,北风,阴~小雨,7,2015-03-02
0,,,,9,微风,北风,小雨,6,2015-03-03
0,,,,11,微风,北风,小雨,6,2015-03-04
0,,,,7,微风,北风,小雨,5,2015-03-05
0,,,,7,微风,北风,小雨,4,2015-03-06
0,,,,9,微风,北风,小雨,6,2015-03-07
0,,,,11,微风,北风,小雨,7,2015-03-08
0,,,,16,微风,北风,多云~小雨,8,2015-03-09
0,,,,12,微风,北风,小雨,10,2015-03-10
0,,,,9,微风,北风,小雨,6,2015-03-11
0,,,,18,微风,南风,多云,8,2015-03-12
0,,,,21,微风,南风,多云~阵雨,11,2015-03-13
0,,,,16,微风,北风,小雨~中雨,13,2015-03-14
0,,,,15,微风,北风,小雨,13,2015-03-15
0,,,,21,微风,南风,阴~多云,13,2015-03-16
0,,,,25,微风,南风,多云,16,2015-03-17
0,,,,19,微风,北风,阵雨,14,2015-03-18
0,,,,18,微风,北风,阴~小雨,12,2015-03-19
0,,,,14,微风,北风,小雨,11,2015-03-20
0,,,,17,微风,北风,阴,12,2015-03-21
0,,,,17,微风,北风,阵雨~中雨,11,2015-03-22
0,,,,16,微风,北风,小雨~阴,12,2015-03-23
0,,,,21,微风,北风,多云,13,2015-03-24
0,,,,19,微风,北风,多云~阵雨,11,2015-03-25
0,,,,18,微风,北风,小雨,14,2015-03-26
0,,,,20,微风,北风,阴~阵雨,13,2015-03-27
0,,,,22,微风,南风,阵雨,14,2015-03-28
0,,,,23,微风,北风,阵雨,16,2015-03-29
0,,,,26,微风,北风,阴~多云,18,2015-03-30
0,,,,32,3-4级,南风,多云~晴,22,2015-03-31
0,,,,33,4-5级,南风,晴,24,2015-04-01
0,,,,34,3-4级,南风,晴~多云,24,2015-04-02
0,,,,30,微风,北风,多云,17,2015-04-03
0,,,,23,微风,北风,阵雨~雷雨,16,2015-04-04
0,,,,19,微风,北风,阵雨~雷雨,14,2015-04-05
0,,,,14,微风,北风,小雨,9,2015-04-06
0,,,,11,微风,北风,小雨,7,2015-04-07
0,,,,10,微风,北风,小雨,7,2015-04-08
0,,,,10,微风,北风,小到中雨~小雨,8,2015-04-09
0,,,,15,微风,北风,小雨,10,2015-04-10
0,,,,18,微风,北风,多云,10,2015-04-11
0,,,,25,微风,北风,晴,12,2015-04-12
0,,,,22,微风,北风,多云~晴,11,2015-04-13
0,,,,26,微风,南风,晴~多云,12,2015-04-14
0,,,,22,微风,南风~北风,阵雨~多云,16,2015-04-15
0,,,,31,微风,南风,晴,18,2015-04-16
0,,,,32,微风,南风,多云~晴,22,2015-04-17
0,,,,30,3-4级,南风,多云~阵雨,23,2015-04-18
0,,,,21,3-4级,北风,阵雨,15,2015-04-19
0,,,,18,微风,北风,阴,13,2015-04-20
0,,,,21,微风,北风,阴~多云,13,2015-04-21
0,,,,24,微风,北风,多云~阴,13,2015-04-22
0,,,,22,微风,北风,阴~阵雨,16,2015-04-23
0,,,,20,微风,北风,阵雨,16,2015-04-24
0,,,,26,微风,北风,阴~多云,19,2015-04-25
0,,,,27,微风,南风,多云~阴,18,2015-04-26
0,,,,22,微风,南风,中雨~小雨,20,2015-04-27
0,,,,26,微风,南风,小雨~多云,19,2015-04-28
0,,,,31,微风,南风,晴~多云,20,2015-04-29
0,,,,30,微风,南风,多云~阵雨,22,2015-04-30
0,,,,29,微风,南风,阵雨~中雨,22,2015-05-01
0,,,,27,微风,南风~北风,阴~多云,20,2015-05-02
0,,,,30,微风,北风,多云~阵雨,21,2015-05-03
0,,,,23,微风,北风,小雨~阴,19,2015-05-04
0,,,,24,微风,北风,阵雨,19,2015-05-05
0,,,,24,微风,北风,阵雨~阴,20,2015-05-06
0,,,,29,微风,南风,阵雨,22,2015-05-07
0,,,,25,微风,南风~北风,大雨~阵雨,21,2015-05-08
0,,,,29,微风,北风,阴~多云,20,2015-05-09
0,,,,28,微风,南风~北风,雷雨,19,2015-05-10
0,,,,19,微风,北风,小雨~多云,15,2015-05-11
0,,,,29,微风,南风,晴~多云,16,2015-05-12
0,,,,29,微风,南风,多云,22,2015-05-13
0,,,,30,3-4级,南风,阵雨,24,2015-05-14
0,,,,31,3-4级,南风~北风,中到大雨~大到暴雨,20,2015-05-15
0,,,,25,微风,北风,小雨,21,2015-05-16
0,,,,29,微风,南风,多云~阵雨,23,2015-05-17
0,,,,28,微风,北风,中雨~阵雨,23,2015-05-18
0,,,,26,微风,北风,阵雨,23,2015-05-19
0,,,,26,微风,北风,中雨~小雨,22,2015-05-20
0,,,,26,微风,北风,阴~多云,22,2015-05-21
0,,,,29,微风,北风,多云,22,2015-05-22
0,,,,22,微风,北风,小雨,19,2015-05-23
0,,,,24,微风,北风,阴~多云,19,2015-05-24
0,,,,28,微风,南风,多云,21,2015-05-25
0,,,,32,微风,南风,阵雨,24,2015-05-26
0,,,,31,微风,南风,阵雨,25,2015-05-27
0,,,,31,微风,北风~南风,阵雨~阴,25,2015-05-28
0,,,,35,微风~3-4级,南风~北风,阵雨~中雨,23,2015-05-29
0,,,,25,微风,北风,小雨~阴,22,2015-05-30
0,,,,30,微风,南风,多云,23,2015-05-31
0,,,,33,微风,南风,多云,27,2015-06-01
0,,,,35,3-4级,南风,多云,27,2015-06-02
0,,,,32,微风,南风~北风,雷雨~中雨,24,2015-06-03
0,,,,25,微风,北风,阵雨,22,2015-06-04
0,,,,28,微风,南风,多云,21,2015-06-05
0,,,,32,微风,南风,晴~多云,23,2015-06-06
0,,,,33,微风,南风,雷雨,25,2015-06-07
0,,,,25,微风,南风,中雨~小雨,21,2015-06-08
0,,,,26,微风,南风,阵雨~阴,22,2015-06-09
0,,,,29,微风,南风~北风,阵雨~中雨,24,2015-06-10
0,,,,26,微风,北风,中雨~小雨,23,2015-06-11
0,,,,28,微风,南风,阵雨~阴,23,2015-06-12
0,,,,30,微风,南风,阵雨~中雨,24,2015-06-13
0,,,,30,微风,南风,阵雨,24,2015-06-14
0,,,,32,微风,南风,阴~多云,25,2015-06-15
0,,,,35,微风,南风,晴,28,2015-06-16
0,,,,35,3-4级~微风,南风,多云~阵雨,27,2015-06-17
0,,,,25,微风,北风,中雨~阵雨,22,2015-06-18
0,,,,26,微风,北风,阵雨,22,2015-06-19
0,,,,29,微风,南风,阴~阵雨,23,2015-06-20
0,,,,30,微风,南风,阵雨,25,2015-06-21
0,,,,31,微风,南风,阴~多云,23,2015-06-22
0,,,,32,微风,南风,多云~阵雨,25,2015-06-23
0,,,,35,微风,南风,多云,27,2015-06-24
0,,,,35,3-4级,南风,多云,28,2015-06-25
0,,,,36,3-4级,南风,多云~晴,28,2015-06-26
0,,,,37,3-4级,南风,晴,29,2015-06-27
0,,,,37,3-4级,南风,晴,29,2015-06-28
0,,,,37,微风,南风,晴,29,2015-06-29
0,,,,37,3-4级,南风,晴~多云,29,2015-06-30
0,,,,30,微风,南风~北风,多云~阵雨,26,2015-07-01
0,,,,27,微风,北风,中雨,24,2015-07-02
0,,,,26,微风,北风,大雨,23,2015-07-03
0,,,,25,微风,北风,小雨,22,2015-07-04
0,,,,23,微风,北风,小雨~阴,20,2015-07-05
0,,,,24,微风,北风,阵雨~阴,22,2015-07-06
0,,,,27,微风,北风,多云~阴,21,2015-07-07
0,,,,26,微风,北风,多云~阴,21,2015-07-08
0,,,,26,微风~3-4级,北风,阵雨,23,2015-07-09
0,,,,27,微风~3-4级,北风,阵雨~阴,23,2015-07-10
0,,,,31,微风,北风,多云,25,2015-07-11
0,,,,35,微风,北风~南风,晴~多云,26,2015-07-12
0,,,,36,微风,南风,晴,27,2015-07-13
0,,,,38,微风,南风,晴~多云,28,2015-07-14
0,,,,36,微风,南风~北风,多云~阵雨,25,2015-07-15
0,,,,27,微风,北风,阵雨~阴,24,2015-07-16
0,,,,27,微风,北风,阴~多云,23,2015-07-17
0,,,,32,微风,北风,多云,24,2015-07-18
0,,,,31,微风,南风,多云,25,2015-07-19
0,,,,33,微风,北风,多云,26,2015-07-20
0,,,,33,微风,南风,多云,27,2015-07-21
0,,,,33,微风,南风,阵雨~阴,27,2015-07-22
0,,,,31,微风,南风,雷阵雨~中雨,26,2015-07-23
0,,,,28,微风,北风,中雨~小雨,25,2015-07-24
0,,,,30,微风,南风,阵雨,25,2015-07-25
0,,,,32,微风,南风,阵雨~多云,26,2015-07-26
0,,,,35,3-4级,南风,晴~多云,26,2015-07-27
0,,,,35,3-4级,南风,晴,28,2015-07-28
0,,,,35,3-4级~微风,南风,晴,26,2015-07-29
0,,,,35,3-4级,南风,晴,26,2015-07-30
0,,,,35,微风,南风,晴~多云,26,2015-07-31
0,,,,35,微风,南风,晴,26,2015-08-01
0,,,,36,微风,南风,晴,27,2015-08-02
0,,,,36,微风,南风,晴,27,2015-08-03
0,,,,35,微风,南风,晴~多云,26,2015-08-04
0,,,,35,微风,南风,晴~多云,26,2015-08-05
0,,,,35,微风,南风,多云~晴,27,2015-08-06
0,,,,36,微风,北风,晴~多云,27,2015-08-07
0,,,,35,3-4级,北风,晴~多云,26,2015-08-08
0,,,,33,3-4级,北风,阵雨,26,2015-08-09
0,,,,31,微风,北风,阴~多云,26,2015-08-10
0,,,,32,微风,北风,多云,25,2015-08-11
0,,,,33,微风,北风,多云~阵雨,26,2015-08-12
0,,,,30,微风,南风,阵雨,26,2015-08-13
0,,,,32,微风,南风,阵雨~多云,26,2015-08-14
0,,,,33,微风,南风,阵雨~多云,26,2015-08-15
0,,,,32,微风,南风,阵雨,25,2015-08-16
0,,,,32,微风,南风,阵雨~多云,26,2015-08-17
0,,,,35,微风,南风,多云,26,2015-08-18
0,,,,29,微风,北风,阵雨,24,2015-08-19
0,,,,28,微风,北风,阴,23,2015-08-20
0,,,,33,微风,北风,多云~晴,24,2015-08-21
0,,,,33,微风,北风,晴~多云,25,2015-08-22
0,,,,34,微风,北风,晴~多云,24,2015-08-23
0,,,,33,微风,北风,晴~多云,24,2015-08-24
0,,,,32,微风,北风,多云,24,2015-08-25
0,,,,30,微风,北风,阴~多云,24,2015-08-26
0,,,,27,微风,北风,阵雨~小雨,23,2015-08-27
0,,,,24,微风,北风,中雨~小雨,22,2015-08-28
0,,,,26,微风,北风,小雨~多云,22,2015-08-29
0,,,,30,微风,东北风,多云,23,2015-08-30
0,,,,31,微风,东北风,多云,24,2015-08-31
0,,,,31,微风,北风,多云~阵雨,25,2015-09-01
0,,,,30,微风,南风,阵雨,25,2015-09-02
0,,,,33,微风,南风,多云,25,2015-09-03
0,,,,32,微风,南风,多云,25,2015-09-04
0,,,,34,微风,南风,多云~阵雨,25,2015-09-05
0,,,,28,微风,北风,中雨~小雨,24,2015-09-06
0,,,,32,微风,北风,多云,24,2015-09-07
0,,,,33,微风,北风,晴,24,2015-09-08
0,,,,33,微风,北风,晴~多云,24,2015-09-09
0,,,,33,微风,北风,晴~多云,24,2015-09-10
0,,,,32,微风~3-4级,北风,晴~多云,21,2015-09-11
0,,,,23,3-4级,北风,阵雨~多云,19,2015-09-12
0,,,,28,微风,北风,多云,22,2015-09-13
0,,,,28,微风,东北风,多云,21,2015-09-14
0,,,,30,微风,东北风,多云~晴,21,2015-09-15
0,,,,31,微风,北风~东北风,晴,22,2015-09-16
0,,,,32,微风,北风,晴~多云,21,2015-09-17
0,,,,30,微风,北风,多云~阵雨,23,2015-09-18
0,,,,25,微风,东北风,小雨~中雨,20,2015-09-19
0,,,,22,微风,北风,小雨,20,2015-09-20
0,,,,27,微风,北风~南风,阴~多云,22,2015-09-21
0,,,,30,微风,南风,多云,23,2015-09-22
0,,,,30,微风,南风,多云,24,2015-09-23
0,,,,28,微风,北风,多云~阵雨,22,2015-09-24
0,,,,23,微风,北风,小雨,20,2015-09-25
0,,,,23,微风,北风,小雨~多云,21,2015-09-26
0,,,,29,微风,北风,多云~晴,22,2015-09-27
0,,,,31,微风,北风,晴~多云,22,2015-09-28
0,,,,30,微风,东北风,多云~阴,23,2015-09-29
0,,,,24,3-4级~微风,北风,小雨,20,2015-09-30
0,,,,25,微风,北风,阴~多云,17,2015-10-01
0,,,,26,微风,北风,晴,17,2015-10-02
0,,,,30,微风,北风,晴~多云,20,2015-10-03
0,,,,24,微风,北风,小雨,20,2015-10-04
0,,,,21,微风,北风,中雨~小雨,18,2015-10-05
0,,,,24,微风,北风,中雨,19,2015-10-06
0,,,,24,微风,北风,阴,20,2015-10-07
0,,,,26,微风,北风,多云,19,2015-10-08
0,,,,23,微风,北风,多云,19,2015-10-09
0,,,,21,微风,北风,阴~多云,17,2015-10-10
0,,,,24,微风,北风,多云~晴,15,2015-10-11
0,,,,26,微风,北风,晴~多云,16,2015-10-12
0,,,,26,微风,东北风,多云,18,2015-10-13
0,,,,27,微风,北风,多云~晴,18,2015-10-14
0,,,,28,微风,北风,晴,17,2015-10-15
0,,,,30,微风,北风,晴,17,2015-10-16
0,,,,30,微风,北风,晴,18,2015-10-17
0,,,,29,微风,北风,晴~多云,18,2015-10-18
0,,,,28,微风,北风,晴~多云,19,2015-10-19
0,,,,28,微风,北风,晴,18,2015-10-20
0,,,,28,微风,北风,晴,18,2015-10-21
0,,,,28,微风,北风,晴~多云,19,2015-10-22
0,,,,29,微风,北风,晴,20,2015-10-23
0,,,,29,微风,北风,晴,19,2015-10-24
0,,,,30,微风,南风,晴,20,2015-10-25
0,,,,30,微风,南风~北风,多云~阵雨,18,2015-10-26
0,,,,19,微风,北风,阴~多云,17,2015-10-27
0,,,,23,微风,北风,多云~阴,16,2015-10-28
0,,,,17,微风,北风,小雨~中雨,14,2015-10-29
0,,,,14,微风,北风,小雨,11,2015-10-30
0,,,,15,微风,北风,小雨,12,2015-10-31
0,,,,15,微风,北风,阴~多云,10,2015-11-01
0,,,,19,微风,北风,晴~多云,11,2015-11-02
0,,,,20,微风,北风~南风,多云,14,2015-11-03
0,,,,21,微风,南风,阵雨~多云,16,2015-11-04
0,,,,27,微风,南风,多云,17,2015-11-05
0,,,,29,微风,南风,晴~多云,20,2015-11-06
0,,,,20,3-4级,北风,阵雨,13,2015-11-07
0,,,,11,微风,北风,中雨~小雨,10,2015-11-08
0,,,,14,微风,北风,阴,11,2015-11-09
0,,,,17,微风,北风,阵雨~小雨,13,2015-11-10
0,,,,13,微风,北风,中雨~大到暴雨,11,2015-11-11
0,,,,13,微风,北风,大雨~中雨,11,2015-11-12
0,,,,14,微风,北风,小雨~阴,11,2015-11-13
0,,,,18,微风,北风,多云,12,2015-11-14
0,,,,20,微风,北风,阵雨~大雨,14,2015-11-15
0,,,,17,微风,北风,中雨~小雨,15,2015-11-16
0,,,,15,微风,北风,小雨,13,2015-11-17
0,,,,15,微风,北风,阵雨,12,2015-11-18
0,,,,17,微风,北风,阴~小雨,13,2015-11-19
0,,,,14,微风,北风,中雨~小雨,13,2015-11-20
0,,,,17,微风,北风,阴,13,2015-11-21
0,,,,19,微风,北风,阵雨,15,2015-11-22
0,,,,19,微风,北风,阴,14,2015-11-23
0,,,,10,3-4级,北风,小雨,5,2015-11-24
0,,,,6,微风,北风,阴~多云,3,2015-11-25
0,,,,12,微风,北风,多云,4,2015-11-26
0,,,,12,微风,南风,多云,7,2015-11-27
0,,,,11,微风,北风,小雨,8,2015-11-28
0,,,,11,微风,北风,阴~多云,8,2015-11-29
0,,,,16,微风,北风,多云~阴,11,2015-11-30
0,,,,14,微风,北风,小雨~中雨,10,2015-12-01
0,,,,12,微风,北风,小雨~阴,9,2015-12-02
0,,,,13,微风,北风,阴,9,2015-12-03
0,,,,11,微风,北风,小雨~中雨,7,2015-12-04
0,,,,7,微风,北风,中雨~小雨,5,2015-12-05
0,,,,9,微风,北风,阴,6,2015-12-06
0,,,,10,微风,北风,阴~多云,7,2015-12-07
0,,,,10,微风,北风,多云~阵雨,7,2015-12-08
0,,,,9,微风,北风,小雨,7,2015-12-09
0,,,,11,微风,北风,阴,9,2015-12-10
0,,,,11,微风,北风,阴~阵雨,9,2015-12-11
0,,,,11,微风,北风,小雨,8,2015-12-12
0,,,,8,微风,北风,小雨,6,2015-12-13
0,,,,8,微风,北风,小雨,6,2015-12-14
0,,,,9,微风,北风,小雨~阴,6,2015-12-15
0,,,,10,微风,北风,多云~晴,1,2015-12-16
0,,,,11,微风,北风,晴,2,2015-12-17
0,,,,10,微风,北风,多云,4,2015-12-18
0,,,,9,微风,北风,阵雨,5,2015-12-19
0,,,,7,微风,北风,阵雨~阴,5,2015-12-20
0,,,,10,微风,北风,阴~小雨,5,2015-12-21
0,,,,9,微风,北风,小雨,6,2015-12-22
0,,,,8,微风,北风,小雨,6,2015-12-23
0,,,,8,微风,北风,小雨~阴,5,2015-12-24
0,,,,9,微风,北风,阴,6,2015-12-25
0,,,,9,微风,北风,小雨,6,2015-12-26
0,,,,12,微风,北风,阴~多云,8,2015-12-27
0,,,,11,微风,北风,阴~多云,6,2015-12-28
0,,,,8,微风,北风,小雨~阴,5,2015-12-29
0,,,,12,微风,北风,阴~多云,6,2015-12-30
0,,,,14,微风,北风,多云,8,2015-12-31
0,183,中度污染,4,15,微风,北风,多云,8,2016-01-01
0,189,中度污染,4,16,微风,南风,多云,11,2016-01-02
0,158,中度污染,4,19,微风,南风,多云,12,2016-01-03
0,247,重度污染,5,19,微风,南风,小雨,11,2016-01-04
0,60,良,2,12,微风,北风,小雨,9,2016-01-05
0,130,轻度污染,3,12,微风,北风,阴~小雨,8,2016-01-06
0,78,良,2,12,微风,北风,小雨,6,2016-01-07
0,82,良,2,11,微风,北风,小雨,5,2016-01-08
0,30,优,1,10,微风,北风,中雨,7,2016-01-09
0,51,良,2,9,微风,北风,中雨~小雨,7,2016-01-10
0,118,轻度污染,3,10,微风,北风,小雨,5,2016-01-11
0,82,良,2,8,微风,北风,小雨,4,2016-01-12
0,114,轻度污染,3,10,微风,北风,小雨,5,2016-01-13
0,58,良,2,10,微风,北风,小雨,5,2016-01-14
0,62,良,2,12,微风,东风,阴~小雨,5,2016-01-15
0,38,优,1,11,微风,北风,小雨,6,2016-01-16
0,120,轻度污染,3,12,微风,北风,阴~多云,2,2016-01-17
0,106,轻度污染,3,13,微风,东北风,多云~阴,4,2016-01-18
0,193,中度污染,4,11,微风,北风,多云~阴,4,2016-01-19
0,47,优,1,8,微风,北风,小雨,4,2016-01-20
0,96,良,2,5,微风,北风,小雨,3,2016-01-21
0,36,优,1,2,3-4级,北风,雨夹雪~小雪,-1,2016-01-22
0,56,良,2,4,微风,北风,阴,-1,2016-01-23
0,71,良,2,3,微风,北风,多云,-4,2016-01-24
0,123,轻度污染,3,6,微风,北风,多云~阴,-2,2016-01-25
0,92,良,2,9,微风,东风,阴~小雨,2,2016-01-26
0,62,良,2,13,微风,东北风,阴~小雨,5,2016-01-27
0,62,良,2,11,微风,北风,小雨,7,2016-01-28
0,139,轻度污染,3,9,微风,北风,小雨~阴,4,2016-01-29
0,138,轻度污染,3,11,微风,北风,阴~小雨,4,2016-01-30
0,58,良,2,5,微风,北风,小雨,2,2016-01-31
0,89,良,2,3,微风,北风,雨夹雪~阴,-1,2016-02-01
0,138,轻度污染,3,7,微风,北风,阴~多云,-1,2016-02-02
0,110,轻度污染,3,10,微风,北风,阴,1,2016-02-03
0,114,轻度污染,3,10,微风,北风,小雨~多云,2,2016-02-04
0,112,轻度污染,3,13,微风,北风,阴,1,2016-02-05
0,109,轻度污染,3,11,微风,北风,多云~阴,-1,2016-02-06
0,89,良,2,15,微风,南风,多云,2,2016-02-07
0,281,重度污染,5,19,微风,东南风,多云,0,2016-02-08
0,121,轻度污染,3,20,微风,东南风,多云,3,2016-02-09
0,74,良,2,23,微风,南风,阴~多云,10,2016-02-10
0,60,良,2,24,微风,南风,阴,15,2016-02-11
0,59,良,2,27,微风,南风,阴~小雨,13,2016-02-12
0,57,良,2,13,微风,北风,小雨,7,2016-02-13
0,36,优,1,7,微风,北风,小雨,2,2016-02-14
0,50,优,1,9,微风,北风,多云,2,2016-02-15
0,61,良,2,12,微风,北风,多云,3,2016-02-16
0,72,良,2,15,微风,北风,阴,5,2016-02-17
0,81,良,2,16,微风,北风,多云~小雨,6,2016-02-18
0,98,良,2,18,微风,北风,多云,6,2016-02-19
0,108,轻度污染,3,16,微风,东北风,多云~阴,6,2016-02-20
0,117,轻度污染,3,14,微风,东风,小雨,9,2016-02-21
0,53,良,2,8,微风,北风,小雨,6,2016-02-22
0,84,良,2,10,微风,北风,小雨~阴,6,2016-02-23
0,87,良,2,15,微风,北风,多云~阴,6,2016-02-24
0,139,轻度污染,3,15,微风,北风,小雨,8,2016-02-25
0,91,良,2,15,微风,东南风,小雨~阴,7,2016-02-26
0,64,良,2,19,微风,南风,阴~多云,7,2016-02-27
0,85,良,2,23,微风,北风,多云,8,2016-02-28
0,106,轻度污染,3,20,微风,东北风,多云,7,2016-02-29
0,104,轻度污染,3,23,微风,东风,多云,11,2016-03-01
0,106,轻度污染,3,25,微风,南风,多云,13,2016-03-02
0,116,轻度污染,3,26,微风,西南风,阴~小雨,16,2016-03-03
0,97,良,2,26,微风,西南风,阴~小雨,17,2016-03-04
0,120,轻度污染,3,22,微风,北风,小雨~阴,14,2016-03-05
0,87,良,2,24,微风,南风,阴~小雨,14,2016-03-06
0,83,良,2,28,微风,东南风,小雨,19,2016-03-07
0,57,良,2,21,微风,北风,小雨,8,2016-03-08
0,16,优,1,9,微风,北风,小雨,5,2016-03-09
0,31,优,1,6,微风,北风,小雨,3,2016-03-10
0,67,良,2,12,微风,北风,阴~多云,5,2016-03-11
0,81,良,2,19,微风,南风,多云~小雨,8,2016-03-12
0,62,良,2,13,微风,北风,小雨~阴,9,2016-03-13
0,94,良,2,18,微风,东北风,多云~阴,8,2016-03-14
0,113,轻度污染,3,20,微风,东北风,阴,12,2016-03-15
0,130,轻度污染,3,22,微风,东北风,阴~小雨,13,2016-03-16
0,164,中度污染,4,24,微风,东北风,阴~中雨,14,2016-03-17
0,141,轻度污染,3,24,微风,东北风,阴~多云,14,2016-03-18
0,102,轻度污染,3,27,微风,东北风,阴~小雨,16,2016-03-19
0,70,良,2,17,微风,北风,中雨,13,2016-03-20
0,55,良,2,20,微风,北风,小雨,15,2016-03-21
0,71,良,2,18,微风,西北风,小雨~中雨,14,2016-03-22
0,46,优,1,15,微风,北风,小雨,11,2016-03-23
0,71,良,2,14,微风,北风,阴,9,2016-03-24
0,73,良,2,18,微风,北风,多云,7,2016-03-25
0,101,轻度污染,3,18,微风,北风,阴,5,2016-03-26
0,78,良,2,19,微风,东北风,阴~多云,6,2016-03-27
0,79,良,2,22,微风,南风,多云~阴,10,2016-03-28
0,101,轻度污染,3,21,微风,南风,阴~小雨,15,2016-03-29
0,116,轻度污染,3,18,微风,西风,小雨~阴,11,2016-03-30
0,88,良,2,24,微风,东风,多云~阴,13,2016-03-31
0,108,轻度污染,3,28,微风,南风,多云,16,2016-04-01
0,86,良,2,30,3-4级,南风,多云~阵雨,21,2016-04-02
0,52,良,2,27,微风,北风,中雨~小雨,13,2016-04-03
0,78,良,2,21,微风,北风,小雨~阴,13,2016-04-04
0,64,良,2,29,微风,南风,小雨,16,2016-04-05
0,73,良,2,29,微风,南风,中雨~小雨,16,2016-04-06
0,29,优,1,18,微风,北风,小雨,14,2016-04-07
0,58,良,2,19,微风,北风,小雨,16,2016-04-08
0,59,良,2,22,微风,北风,中雨,17,2016-04-09
0,31,优,1,21,微风,北风,小雨,16,2016-04-10
0,60,良,2,26,微风,东北风,小雨~阴,17,2016-04-11
0,65,良,2,24,微风,南风,小雨~中雨,18,2016-04-12
0,59,良,2,24,微风,北风,阴,19,2016-04-13
0,69,良,2,28,微风,东北风,小雨,20,2016-04-14
0,65,良,2,28,微风,南风,阵雨,21,2016-04-15
0,45,优,1,26,微风,北风,小雨~阴,15,2016-04-16
0,42,优,1,22,微风,北风,中雨~小雨,11,2016-04-17
0,46,优,1,23,微风,东北风,阴~多云,13,2016-04-18
0,59,良,2,26,微风,东风,小雨,17,2016-04-19
0,32,优,1,28,微风,西风,中雨~大雨,17,2016-04-20
0,42,优,1,25,微风,北风,阴~小雨,18,2016-04-21
0,57,良,2,24,微风,东北风,中雨~小雨,20,2016-04-22
0,49,优,1,24,微风,北风,小雨,17,2016-04-23
0,56,良,2,24,微风,北风,小雨,16,2016-04-24
0,72,良,2,26,微风,北风,小雨,18,2016-04-25
0,31,优,1,23,微风,北风,大雨~小雨,16,2016-04-26
0,52,良,2,25,微风,东北风,阴,15,2016-04-27
0,85,良,2,28,微风,东北风,阴,15,2016-04-28
0,128,轻度污染,3,25,微风,北风,多云~阵雨,20,2016-04-29
0,68,良,2,24,微风,东风,大雨~小雨,18,2016-04-30
0,44,优,1,28,微风,南风,中雨~小雨,21,2016-05-01
0,48,优,1,31,微风,西南风,小雨~中雨,19,2016-05-02
0,68,良,2,28,微风,东北风,阴,17,2016-05-03
0,75,良,2,30,微风,南风,中雨~阴,22,2016-05-04
0,41,优,1,31,微风,西南风,小雨,23,2016-05-05
0,57,良,2,29,微风,南风,大雨~小雨,24,2016-05-06
0,43,优,1,26,微风,北风,暴雨~大雨,20,2016-05-07
0,42,优,1,22,微风,北风,小雨,17,2016-05-08
0,78,良,2,22,微风,北风,中雨~小雨,15,2016-05-09
0,52,良,2,26,微风,北风,晴,16,2016-05-10
0,93,良,2,29,微风,南风,晴~多云,16,2016-05-11
0,93,良,2,32,微风,南风,阴,19,2016-05-12
0,92,良,2,30,微风,北风,多云,23,2016-05-13
0,101,轻度污染,3,32,微风,南风,小雨,23,2016-05-14
0,44,优,1,18,微风,北风,小雨~阴,12,2016-05-15
0,65,良,2,25,微风,东北风,阴,10,2016-05-16
0,68,良,2,26,微风,北风,多云,15,2016-05-17
0,83,良,2,25,微风,南风,阵雨,20,2016-05-18
0,60,良,2,22,微风,北风,大雨,19,2016-05-19
0,30,优,1,23,微风,北风,小雨,18,2016-05-20
0,43,优,1,23,微风,北风,阴,19,2016-05-21
0,38,优,1,23,微风,北风,小雨,17,2016-05-22
0,48,优,1,22,微风,北风,小雨,17,2016-05-23
0,69,良,2,24,微风,北风,多云~阵雨,20,2016-05-24
0,57,良,2,24,微风,南风,阵雨,20,2016-05-25
0,41,优,1,25,微风,北风,小雨,18,2016-05-26
0,52,良,2,27,微风,北风,阴~小雨,19,2016-05-27
0,50,优,1,24,微风,北风,阴~小雨,18,2016-05-28
0,52,良,2,26,微风,东北风,小雨,19,2016-05-29
0,64,良,2,28,微风,南风,小雨~阴,22,2016-05-30
0,48,优,1,34,微风,南风,多云~晴,25,2016-05-31
0,41,优,1,34,微风,西南风,小雨,21,2016-06-01
0,61,良,2,24,1-2级,北风,阵雨~中雨,19,2016-06-02
0,31,优,1,21,1-2级,北风,中雨~阴,18,2016-06-03
0,55,良,2,28,1-2级,东南风,阴,18,2016-06-04
0,65,良,2,32,1-2级,东南风,多云,22,2016-06-05
0,59,良,2,33,1-2级,东风,多云,22,2016-06-06
0,86,良,2,32,1-2级,东北风,阴,23,2016-06-07
0,74,良,2,32,1-2级,东北风,小雨~阴,23,2016-06-08
0,66,良,2,31,1-2级,东北风,小雨,23,2016-06-09
0,67,良,2,32,1-2级,东北风,小雨~阴,24,2016-06-10
0,48,优,1,31,1-2级,北风,中雨~大雨,24,2016-06-11
0,46,优,1,27,1-2级,北风,小雨,22,2016-06-12
0,56,良,2,32,1-2级,东南风,阴~小雨,24,2016-06-13
0,48,优,1,32,1-2级,南风,小雨,24,2016-06-14
0,44,优,1,26,1-2级,北风,大雨~小雨,19,2016-06-15
0,45,优,1,28,1-2级,南风,阴,19,2016-06-16
0,48,优,1,31,1-2级,南风,多云~小雨,23,2016-06-17
0,41,优,1,32,1-2级,南风,阵雨~多云,26,2016-06-18
0,35,优,1,32,1-2级,南风,阴,25,2016-06-19
0,36,优,1,33,1-2级,南风,阴,25,2016-06-20
0,35,优,1,34,1-2级,西南风,多云,25,2016-06-21
0,34,优,1,35,1-2级,西南风,多云,25,2016-06-22
0,35,优,1,35,1-2级,西南风,多云,26,2016-06-23
0,35,优,1,35,1-2级,西南风,阴,24,2016-06-24
0,48,优,1,30,1-2级,北风,小雨,21,2016-06-25
0,58,良,2,32,1-2级,东北风,小雨~多云,22,2016-06-26
0,67,良,2,34,1-2级,西南风,小雨~阴,26,2016-06-27
0,68,良,2,34,1-2级,东风,小雨,27,2016-06-28
0,36,优,1,34,1-2级,南风,小雨~阴,26,2016-06-29
0,31,优,1,35,1-2级,南风,多云,27,2016-06-30
0,30,优,1,34,1-2级,南风,多云,27,2016-07-01
0,28,优,1,28,1-2级,南风,中雨,26,2016-07-02
0,26,优,1,28,1-2级,南风,中雨~小雨,26,2016-07-03
0,28,优,1,28,1-2级,南风,小雨,25,2016-07-04
0,32,优,1,30,1-2级,东南风,小雨~多云,24,2016-07-05
0,40,优,1,34,1-2级,东北风,阴~多云,25,2016-07-06
0,57,良,2,34,1-2级,东北风,小雨~多云,26,2016-07-07
0,63,良,2,35,1-2级,北风,小雨~多云,26,2016-07-08
0,72,良,2,35,1-2级,东北风,小雨,27,2016-07-09
0,67,良,2,34,1-2级,东北风,小雨~多云,27,2016-07-10
0,58,良,2,33,1-2级,北风,小雨,27,2016-07-11
0,57,良,2,34,1-2级,南风,小雨,27,2016-07-12
0,47,优,1,35,1-2级,南风,小雨~阴,27,2016-07-13
0,35,优,1,34,1-2级,西南风,小雨~阴,27,2016-07-14
0,27,优,1,35,1-2级,西南风,小雨,27,2016-07-15
0,45,优,1,32,1-2级,西南风,小雨,27,2016-07-16
0,34,优,1,33,1-2级,西南风,小雨,27,2016-07-17
0,36,优,1,34,1-2级,南风,小雨~阴,27,2016-07-18
0,41,优,1,34,1-2级,南风,阴,27,2016-07-19
0,38,优,1,34,1-2级,南风,阴,27,2016-07-20
0,32,优,1,35,1-2级,西南风,阴~多云,26,2016-07-21
0,38,优,1,36,1-2级,西南风,多云,27,2016-07-22
0,40,优,1,37,1-2级,西南风,多云~晴,26,2016-07-23
0,47,优,1,37,1-2级,南风,多云,27,2016-07-24
0,56,良,2,38,1-2级,西南风,多云,27,2016-07-25
0,69,良,2,38,1-2级,东南风,小雨,27,2016-07-26
0,60,良,2,37,1-2级,西南风,晴,27,2016-07-27
0,42,优,1,38,1-2级,西南风,晴,27,2016-07-28
0,38,优,1,38,1-2级,西南风,多云~晴,27,2016-07-29
0,59,良,2,39,1-2级,东风,多云,28,2016-07-30
0,63,良,2,38,1-2级,东北风,小雨,28,2016-07-31
0,73,良,2,36,1-2级,东北风,小雨~多云,28,2016-08-01
0,49,优,1,34,1-2级,东北风,小雨,27,2016-08-02
0,29,优,1,32,1-2级,东风,小雨~阴,26,2016-08-03
0,32,优,1,35,1-2级,南风,阴,27,2016-08-04
0,43,优,1,36,1-2级,南风,小雨,27,2016-08-05
0,38,优,1,34,1-2级,东北风,小雨,27,2016-08-06
0,36,优,1,33,1-2级,西南风,小雨,27,2016-08-07
0,47,优,1,35,1-2级,北风,小雨,27,2016-08-08
0,53,良,2,34,1-2级,北风,小雨,27,2016-08-09
0,54,良,2,34,1-2级,北风,小雨,27,2016-08-10
0,47,优,1,36,1-2级,东北风,小雨~阴,28,2016-08-11
0,53,良,2,34,1-2级,东北风,小雨~阴,27,2016-08-12
0,34,优,1,35,1-2级,东北风,小雨~多云,27,2016-08-13
0,35,优,1,33,1-2级,东北风,小雨~阴,26,2016-08-14
0,52,良,2,35,1-2级,东北风,小雨~多云,27,2016-08-15
0,65,良,2,36,1-2级,东北风,晴,27,2016-08-16
0,67,良,2,36,1-2级,东北风,多云,28,2016-08-17
0,49,优,1,36,1-2级,东风,多云,27,2016-08-18
0,35,优,1,37,1-2级,东北风,晴~多云,28,2016-08-19
0,48,优,1,36,1-2级,南风,多云,28,2016-08-20
0,54,良,2,35,1-2级,北风,雷阵雨~阵雨,27,2016-08-21
0,61,良,2,36,1-2级,北风,阵雨~多云,28,2016-08-22
0,90,良,2,34,1-2级,北风,阵雨~多云,28,2016-08-23
0,109,轻度污染,3,36,1-2级,南风,多云,29,2016-08-24
0,104,轻度污染,3,37,1-2级,南风,多云,24,2016-08-25
0,46,优,1,33,3-4级,北风,阵雨~小雨,22,2016-08-26
0,32,优,1,25,1-2级,北风,阴~多云,22,2016-08-27
0,63,良,2,29,1-2级,北风,晴,21,2016-08-28
0,69,良,2,31,1-2级,北风,晴,21,2016-08-29
0,96,良,2,33,1-2级,北风,晴,22,2016-08-30
0,136,轻度污染,3,30,1-2级,北风,多云~阵雨,23,2016-08-31
0,74,良,2,25,1-2级,北风,中雨~小雨,22,2016-09-01
0,52,良,2,31,1-2级,北风,多云,23,2016-09-02
0,81,良,2,33,1-2级,北风,多云,24,2016-09-03
0,87,良,2,31,1-2级,北风,阵雨~多云,24,2016-09-04
0,80,良,2,33,1-2级,北风,多云,26,2016-09-05
0,87,良,2,32,1-2级,北风,多云,26,2016-09-06
0,84,良,2,33,1-2级,北风,多云,26,2016-09-07
0,103,轻度污染,3,32,1-2级,北风,多云,24,2016-09-08
0,106,轻度污染,3,33,1-2级,北风,小雨~大雨,22,2016-09-09
0,48,优,1,28,1-2级,北风,中雨~小雨,22,2016-09-10
0,48,优,1,27,1-2级,北风,阴~多云,22,2016-09-11
0,62,良,2,31,1-2级,北风,多云~晴,22,2016-09-12
0,64,良,2,32,1-2级,北风,多云~晴,23,2016-09-13
0,66,良,2,32,1-2级,北风,多云,23,2016-09-14
0,69,良,2,29,3-4级,北风,阴,23,2016-09-15
0,59,良,2,29,3-4级,北风,多云,24,2016-09-16
0,66,良,2,31,1-2级,北风,多云~晴,24,2016-09-17
0,47,优,1,31,1-2级,北风,多云~晴,23,2016-09-18
0,71,良,2,30,3-4级,北风,多云~晴,20,2016-09-19
0,74,良,2,28,3-4级,北风,多云~晴,20,2016-09-20
0,90,良,2,30,1-2级,北风,多云~晴,21,2016-09-21
0,99,良,2,29,1-2级,北风,多云,22,2016-09-22
0,133,轻度污染,3,31,1-2级,北风,晴~多云,22,2016-09-23
0,120,轻度污染,3,33,1-2级,南风,多云~晴,25,2016-09-24
0,118,轻度污染,3,34,1-2级,南风,多云,26,2016-09-25
0,123,轻度污染,3,35,1-2级,南风,多云,26,2016-09-26
0,171,中度污染,4,34,1-2级,北风,多云,23,2016-09-27
0,71,良,2,27,3-4级,北风,阴~阵雨,17,2016-09-28
0,26,优,1,19,3-4级,北风,中雨~小雨,16,2016-09-29
0,27,优,1,18,1-2级,北风,小雨,17,2016-09-30
0,31,优,1,20,1-2级,北风,小雨~多云,19,2016-10-01
0,52,良,2,25,1-2级,北风,阴~多云,21,2016-10-02
0,69,良,2,30,1-2级,北风,多云~晴,22,2016-10-03
0,77,良,2,31,1-2级,北风,多云~晴,20,2016-10-04
0,73,良,2,30,1-2级,北风,晴~多云,20,2016-10-05
0,87,良,2,29,1-2级,北风,多云,22,2016-10-06
0,101,轻度污染,3,28,1-2级,北风,多云,21,2016-10-07
0,96,良,2,26,1-2级,北风,阴~多云,19,2016-10-08
0,69,良,2,24,3-4级,北风,阴~多云,17,2016-10-09
0,65,良,2,25,1-2级,北风,多云,18,2016-10-10
0,102,轻度污染,3,25,1-2级,北风,多云,19,2016-10-11
0,108,轻度污染,3,24,1-2级,北风,阴,19,2016-10-12
0,80,良,2,22,1-2级,北风,阴,18,2016-10-13
0,76,良,2,22,1-2级,北风,多云,18,2016-10-14
0,96,良,2,25,1-2级,北风,多云,19,2016-10-15
0,116,轻度污染,3,26,1-2级,北风,多云~阴,20,2016-10-16
0,82,良,2,27,1-2级,北风,多云~阴,20,2016-10-17
0,104,轻度污染,3,24,1-2级,北风,阵雨~小雨,20,2016-10-18
0,61,良,2,22,1-2级,北风,大雨~小雨,20,2016-10-19
0,46,优,1,25,1-2级,北风,阴~多云,21,2016-10-20
0,54,良,2,26,1-2级,北风,多云~中雨,18,2016-10-21
0,23,优,1,22,4-5级,北风,小雨,18,2016-10-22
0,37,优,1,21,1-2级,北风,阴,18,2016-10-23
0,37,优,1,22,1-2级,北风,阴~阵雨,20,2016-10-24
0,37,优,1,21,1-2级,北风,阵雨~多云,19,2016-10-25
0,60,良,2,25,1-2级,南风,多云,19,2016-10-26
0,57,良,2,27,3-4级,南风,多云,16,2016-10-27
0,32,优,1,18,3-4级,北风,小雨,12,2016-10-28
0,19,优,1,15,3-4级,北风,小雨,12,2016-10-29
0,37,优,1,15,1-2级,北风,阴,11,2016-10-30
0,44,优,1,14,1-2级,北风,小雨,11,2016-10-31
0,30,优,1,13,1-2级,北风,小雨~阴,11,2016-11-01
0,46,优,1,17,1-2级,北风,多云,12,2016-11-02
0,66,良,2,20,1-2级,北风,多云~晴,12,2016-11-03
0,91,良,2,22,1-2级,北风,多云,14,2016-11-04
0,114,轻度污染,3,25,1-2级,南风,多云,18,2016-11-05
0,134,轻度污染,3,25,1-2级,南风,多云,18,2016-11-06
0,156,中度污染,4,22,1-2级,北风,小雨,10,2016-11-07
0,18,优,1,14,3-4级,北风,小雨~小到中雨,8,2016-11-08
0,22,优,1,10,3-4级,北风,小雨,7,2016-11-09
0,40,优,1,14,1-2级,北风,阴~多云,8,2016-11-10
0,55,良,2,18,1-2级,北风,晴~多云,12,2016-11-11
0,67,良,2,20,1-2级,南风,阴,18,2016-11-12
0,38,优,1,17,1-2级,北风,小雨~阴,16,2016-11-13
0,73,良,2,18,1-2级,北风,小雨~中雨,15,2016-11-14
0,116,轻度污染,3,20,1-2级,北风,小雨,16,2016-11-15
0,117,轻度污染,3,22,1-2级,北风,多云,16,2016-11-16
0,87,良,2,23,1-2级,北风,多云,18,2016-11-17
0,83,良,2,24,1-2级,南风,多云,18,2016-11-18
0,106,轻度污染,3,24,1-2级,北风,多云~阵雨,17,2016-11-19
0,59,良,2,20,1-2级,北风,小雨~阵雨,17,2016-11-20
0,114,轻度污染,3,19,1-2级,北风,小雨,8,2016-11-21
0,45,优,1,17,3-4级,北风,小雨~中雨,3,2016-11-22
0,16,优,1,5,3-4级,北风,小雨~阴,2,2016-11-23
0,48,优,1,4,3-4级,北风,阴~小雨,4,2016-11-24
0,45,优,1,6,1-2级,北风,小雨,3,2016-11-25
0,48,优,1,7,1-2级,北风,阴~多云,5,2016-11-26
0,82,良,2,15,1-2级,北风,晴,5,2016-11-27
0,91,良,2,15,1-2级,北风,晴,6,2016-11-28
0,119,轻度污染,3,13,1-2级,北风,多云,6,2016-11-29
0,126,轻度污染,3,12,1-2级,北风,多云~晴,5,2016-11-30
0,113,轻度污染,3,14,1-2级,北风,多云,6,2016-12-01
0,127,轻度污染,3,13,1-2级,北风,多云,7,2016-12-02
0,153,中度污染,4,14,1-2级,北风,多云,8,2016-12-03
0,118,轻度污染,3,18,1-2级,北风,多云,10,2016-12-04
0,128,轻度污染,3,20,1-2级,北风,晴~多云,5,2016-12-05
0,111,轻度污染,3,14,1-2级,北风,晴,5,2016-12-06
0,158,中度污染,4,18,1-2级,北风,晴,8,2016-12-07
0,197,中度污染,4,20,1-2级,北风,晴,8,2016-12-08
0,195,中度污染,4,20,1-2级,北风,晴,8,2016-12-09
0,195,中度污染,4,17,1-2级,北风,多云,8,2016-12-10
0,206,重度污染,5,16,1-2级,北风,多云,10,2016-12-11
0,175,中度污染,4,11,1-2级,北风,小雨,7,2016-12-12
0,76,良,2,11,3-4级,北风,阴~小雨,7,2016-12-13
0,106,轻度污染,3,10,3-4级,北风,阴,6,2016-12-14
0,86,良,2,11,1-2级,北风,多云~晴,4,2016-12-15
0,119,轻度污染,3,13,1-2级,北风,晴,4,2016-12-16
0,120,轻度污染,3,15,1-2级,南风,晴~多云,8,2016-12-17
0,188,中度污染,4,14,1-2级,南风,多云~阵雨,11,2016-12-18
0,168,中度污染,4,14,1-2级,北风,中雨~小雨,11,2016-12-19
0,95,良,2,14,1-2级,北风,小雨,10,2016-12-20
0,53,良,2,12,1-2级,北风,小雨~阴,7,2016-12-21
0,89,良,2,14,1-2级,北风,多云,6,2016-12-22
0,105,轻度污染,3,15,1-2级,北风,多云,8,2016-12-23
0,112,轻度污染,3,14,1-2级,北风,小雨,10,2016-12-24
0,69,良,2,13,1-2级,北风,小雨,6,2016-12-25
0,31,优,1,8,3-4级,北风,小雨~阴,5,2016-12-26
0,73,良,2,10,3-4级,北风,晴,2,2016-12-27
0,77,良,2,10,1-2级,北风,晴,3,2016-12-28
0,93,良,2,12,1-2级,北风,晴,4,2016-12-29
0,124,轻度污染,3,13,1-2级,北风,晴,6,2016-12-30
0,131,轻度污染,3,15,1-2级,北风,晴,6,2016-12-31
0,154,中度污染,4,17,1-2级,北风,多云,12,2017-01-01
0,185,中度污染,4,17,1-2级,北风,阴,12,2017-01-02
0,219,重度污染,5,16,1-2级,北风,多云,11,2017-01-03
0,256,重度污染,5,20,1-2级,南风,多云,11,2017-01-04
0,233,重度污染,5,19,1-2级,北风,阵雨~小雨,11,2017-01-05
0,59,良,2,12,1-2级,北风,阴~小雨,9,2017-01-06
0,33,优,1,9,3-4级,北风,小雨,7,2017-01-07
0,56,良,2,11,1-2级,北风,阴,8,2017-01-08
0,79,良,2,10,1-2级,北风,阴~小雨,8,2017-01-09
0,97,良,2,10,1-2级,北风,小雨,6,2017-01-10
0,47,优,1,7,1-2级,北风,小雨~中雨,4,2017-01-11
0,35,优,1,6,1-2级,北风,小雨,5,2017-01-12
0,87,良,2,7,1-2级,北风,小雨,6,2017-01-13
0,82,良,2,10,1-2级,北风,阴,5,2017-01-14
0,121,轻度污染,3,11,1-2级,北风,阴~多云,5,2017-01-15
0,98,良,2,11,1-2级,北风,阴,7,2017-01-16
0,136,轻度污染,3,9,1-2级,北风,小雨,6,2017-01-17
0,121,轻度污染,3,7,1-2级,北风,小雨,5,2017-01-18
0,126,轻度污染,3,7,1-2级,北风,小雨~阴,5,2017-01-19
0,123,轻度污染,3,9,3-4级,北风,阴,4,2017-01-20
0,92,良,2,12,1-2级,北风,晴,3,2017-01-21
0,140,轻度污染,3,13,1-2级,北风,晴,3,2017-01-22
0,111,轻度污染,3,15,1-2级,北风,晴,4,2017-01-23
0,99,良,2,14,1-2级,北风,阴,7,2017-01-24
0,127,轻度污染,3,16,1-2级,北风,多云,5,2017-01-25
0,115,轻度污染,3,17,1-2级,北风,晴,6,2017-01-26
0,113,轻度污染,3,16,1-2级,北风,多云,6,2017-01-27
0,185,中度污染,4,23,3-4级,南风,晴~多云,11,2017-01-28
0,198,中度污染,4,22,3-4级,南风,阴~小雨,6,2017-01-29
0,158,中度污染,4,8,3-4级,北风,阴,5,2017-01-30
0,148,轻度污染,3,10,1-2级,北风,阴,5,2017-01-31
0,80,良,2,9,1-2级,北风,阴,5,2017-02-01
0,50,优,1,8,1-2级,北风,阴,6,2017-02-02
0,53,良,2,11,1-2级,北风,阴~小雨,6,2017-02-03
0,56,良,2,12,1-2级,北风,多云,7,2017-02-04
0,53,良,2,16,1-2级,北风,晴~多云,9,2017-02-05
0,44,优,1,12,1-2级,北风,多云,8,2017-02-06
0,56,良,2,10,1-2级,北风,小雨,3,2017-02-07
0,37,优,1,6,3-4级,北风,小雨~阴,1,2017-02-08
0,108,轻度污染,3,11,3-4级,北风,多云,3,2017-02-09
0,92,良,2,11,1-2级,北风,多云,3,2017-02-10
0,94,良,2,12,1-2级,北风,晴,3,2017-02-11
0,198,中度污染,4,14,1-2级,北风,晴,5,2017-02-12
0,122,轻度污染,3,18,1-2级,北风,晴,5,2017-02-13
0,96,良,2,19,1-2级,北风,晴~多云,10,2017-02-14
0,123,轻度污染,3,20,1-2级,南风,晴~多云,12,2017-02-15
0,117,轻度污染,3,25,1-2级,南风,多云,15,2017-02-16
0,134,轻度污染,3,22,1-2级,北风,小雨~阴,13,2017-02-17
0,225,重度污染,5,19,1-2级,北风,多云,13,2017-02-18
0,186,中度污染,4,24,3-4级,南风,晴,16,2017-02-19
0,76,良,2,26,3-4级,南风,晴~多云,9,2017-02-20
0,107,轻度污染,3,14,1-2级,北风,小雨,3,2017-02-21
0,39,优,1,8,3-4级,北风,小雨,4,2017-02-22
0,74,良,2,6,3-4级,北风,小雨,3,2017-02-23
0,46,优,1,6,1-2级,北风,小雨,4,2017-02-24
0,71,良,2,9,1-2级,北风,阴,4,2017-02-25
0,88,良,2,16,1-2级,北风,多云,8,2017-02-26
0,96,良,2,18,1-2级,北风,多云,9,2017-02-27
0,94,良,2,15,1-2级,北风,阵雨~多云,7,2017-02-28
0,92,良,2,19,1-2级,北风,晴,6,2017-03-01
0,65,良,2,19,1-2级,北风,晴~多云,8,2017-03-02
0,77,良,2,17,1-2级,北风,阴,11,2017-03-03
0,94,良,2,15,1-2级,北风,阵雨~小雨,12,2017-03-04
0,57,良,2,14,1-2级,北风,中雨~小雨,10,2017-03-05
0,91,良,2,12,1-2级,北风,小雨,10,2017-03-06
0,191,中度污染,4,13,1-2级,北风,小雨,10,2017-03-07
0,108,轻度污染,3,15,1-2级,北风,多云~阵雨,10,2017-03-08
0,116,轻度污染,3,14,1-2级,北风,阵雨~中雨,11,2017-03-09
0,54,良,2,14,1-2级,北风,小雨,11,2017-03-10
0,75,良,2,15,1-2级,北风,小雨,13,2017-03-11
0,54,良,2,18,1-2级,北风,小雨,7,2017-03-12
0,20,优,1,12,1-2级,北风,中雨~小雨,6,2017-03-13
0,46,优,1,11,1-2级,北风,阴,8,2017-03-14
0,74,良,2,10,1-2级,北风,小雨,8,2017-03-15
0,57,良,2,10,1-2级,北风,小雨~中雨,9,2017-03-16
0,52,良,2,11,1-2级,北风,小雨,10,2017-03-17
0,41,优,1,11,1-2级,北风,小雨,10,2017-03-18
0,56,良,2,13,1-2级,北风,小雨~中雨,11,2017-03-19
0,39,优,1,12,1-2级,北风,小雨~阴,10,2017-03-20
0,72,良,2,13,1-2级,北风,小雨,10,2017-03-21
0,26,优,1,12,1-2级,北风,大雨~小雨,10,2017-03-22
0,44,优,1,15,1-2级,北风,阴~小雨,9,2017-03-23
0,24,优,1,13,3-4级,北风,小雨,9,2017-03-24
0,52,良,2,12,1-2级,北风,阴,9,2017-03-25
0,80,良,2,18,1-2级,北风,多云~晴,7,2017-03-26
0,93,良,2,24,1-2级,南风,晴~多云,14,2017-03-27
0,76,良,2,20,1-2级,北风,中雨~小雨,14,2017-03-28
0,48,优,1,19,1-2级,北风,小雨,15,2017-03-29
0,39,优,1,20,1-2级,北风,小雨~中雨,12,2017-03-30
0,59,良,2,17,3-4级,北风,多云~晴,8,2017-03-31
0,71,良,2,22,1-2级,北风,晴,10,2017-04-01
0,79,良,2,23,1-2级,东南风,多云~阴,12,2017-04-02
0,81,良,2,26,1-2级,南风,多云,16,2017-04-03
0,85,良,2,28,1-2级,南风,多云,18,2017-04-04
0,70,良,2,27,3-4级,南风,多云,20,2017-04-05
0,62,良,2,27,3-4级,南风,阵雨,20,2017-04-06
0,61,良,2,29,1-2级,南风,多云,22,2017-04-07
0,60,良,2,30,3-4级,南风,阵雨~中雨,18,2017-04-08
0,32,优,1,23,1-2级,南风,小雨,10,2017-04-09
0,17,优,1,16,3-4级,北风,小雨,10,2017-04-10
0,38,优,1,14,1-2级,北风,小雨~多云,12,2017-04-11
0,60,良,2,19,1-2级,北风,多云,14,2017-04-12
0,66,良,2,24,1-2级,南风,晴,11,2017-04-13
0,65,良,2,28,1-2级,南风,晴~多云,21,2017-04-14
0,87,良,2,28,1-2级,南风,阵雨~小雨,20,2017-04-15
0,62,良,2,27,3-4级,南风,小雨~中雨,17,2017-04-16
0,32,优,1,25,1-2级,北风,阴~多云,16,2017-04-17
0,45,优,1,27,1-2级,南风,多云,20,2017-04-18
0,67,良,2,28,1-2级,南风,阵雨~中雨,18,2017-04-19
0,48,优,1,24,3-4级,北风,小雨,14,2017-04-20
0,43,优,1,18,3-4级,北风,小雨~多云,12,2017-04-21
0,62,良,2,24,1-2级,北风,晴,12,2017-04-22
0,74,良,2,25,1-2级,北风,晴~多云,16,2017-04-23
0,79,良,2,27,1-2级,南风,多云~中雨,19,2017-04-24
0,51,良,2,24,3-4级,北风,中雨,16,2017-04-25
0,26,优,1,21,1-2级,北风,小雨,14,2017-04-26
0,54,良,2,19,1-2级,北风,多云,13,2017-04-27
0,61,良,2,25,1-2级,北风,晴,15,2017-04-28
0,77,良,2,28,1-2级,南风,晴~多云,18,2017-04-29
0,75,良,2,28,1-2级,南风,多云~阵雨,21,2017-04-30
0,88,良,2,26,1-2级,南风,小雨,22,2017-05-01
0,53,良,2,26,1-2级,南风,阵雨~多云,22,2017-05-02
0,68,良,2,30,1-2级,南风,小雨~中雨,18,2017-05-03
0,30,优,1,24,1-2级,北风,阴~多云,16,2017-05-04
0,50,优,1,27,1-2级,北风,多云,19,2017-05-05
0,79,良,2,27,1-2级,北风,多云,17,2017-05-06
0,178,中度污染,4,27,1-2级,北风,阵雨~中雨,18,2017-05-07
0,51,良,2,22,1-2级,北风,小雨~多云,17,2017-05-08
0,41,优,1,30,1-2级,南风,晴,21,2017-05-09
0,67,良,2,32,1-2级,南风,晴~多云,22,2017-05-10
0,70,良,2,31,3-4级,西南风,雷阵雨~中雨,20,2017-05-11
0,34,优,1,27,1-2级,北风,阴~多云,19,2017-05-12
0,50,优,1,31,1-2级,南风,晴,20,2017-05-13
0,59,良,2,32,1-2级,南风,多云~阵雨,19,2017-05-14
0,50,优,1,29,3-4级,北风,中雨~阴,18,2017-05-15
0,54,良,2,28,1-2级,北风,多云~晴,17,2017-05-16
0,58,良,2,30,1-2级,南风,晴,18,2017-05-17
0,64,良,2,32,1-2级,南风,晴,21,2017-05-18
0,58,良,2,31,1-2级,南风,多云,22,2017-05-19
0,57,良,2,27,1-2级,西南风,小雨~阵雨,22,2017-05-20
0,37,优,1,29,1-2级,南风,阵雨,23,2017-05-21
0,41,优,1,29,1-2级,南风,阵雨,24,2017-05-22
0,21,优,1,27,3-4级,北风,中雨~阴,20,2017-05-23
0,37,优,1,24,1-2级,北风,多云,19,2017-05-24
0,46,优,1,26,1-2级,北风,晴,17,2017-05-25
0,59,良,2,30,1-2级,北风,晴,19,2017-05-26
0,76,良,2,32,1-2级,北风,晴,19,2017-05-27
0,83,良,2,33,1-2级,北风,晴,21,2017-05-28
0,70,良,2,34,1-2级,南风,晴,23,2017-05-29
0,76,良,2,34,1-2级,南风,多云,25,2017-05-30
0,77,良,2,32,1-2级,南风,阵雨,23,2017-05-31
0,49,优,1,29,3-4级,北风,大雨~小雨,22,2017-06-01
0,39,优,1,28,1-2级,北风,多云,24,2017-06-02
0,51,良,2,31,1-2级,北风,阴~阵雨,24,2017-06-03
0,55,良,2,29,1-2级,南风,阵雨~小雨,21,2017-06-04
0,37,优,1,31,1-2级,南风,中雨~大雨,19,2017-06-05
0,27,优,1,24,1-2级,北风,小雨~多云,20,2017-06-06
0,38,优,1,28,1-2级,北风,多云,22,2017-06-07
0,44,优,1,31,1-2级,南风,阵雨~多云,25,2017-06-08
0,25,优,1,34,1-2级,南风,多云,26,2017-06-09
0,30,优,1,33,1-2级,南风,多云~阵雨,26,2017-06-10
0,30,优,1,30,1-2级,北风,雷阵雨~小雨,24,2017-06-11
0,52,良,2,30,1-2级,北风,阵雨,24,2017-06-12
0,38,优,1,29,1-2级,北风,阵雨~阴,23,2017-06-13
0,27,优,1,26,1-2级,北风,小雨,20,2017-06-14
0,23,优,1,23,1-2级,北风,中雨~小雨,20,2017-06-15
0,32,优,1,23,1-2级,北风,小雨~多云,20,2017-06-16
0,51,良,2,27,1-2级,北风,晴~多云,22,2017-06-17
0,69,良,2,30,1-2级,南风,多云,23,2017-06-18
0,70,良,2,29,1-2级,南风,多云~阵雨,24,2017-06-19
0,73,良,2,30,1-2级,西南风,阴~中雨,23,2017-06-20
0,44,优,1,28,1-2级,南风,中雨~阵雨,24,2017-06-21
0,30,优,1,30,1-2级,南风,阵雨~多云,26,2017-06-22
0,34,优,1,33,3-4级,南风,多云,27,2017-06-23
0,41,优,1,32,1-2级,南风,多云,24,2017-06-24
0,25,优,1,30,3-4级,北风,中雨,22,2017-06-25
0,32,优,1,24,1-2级,北风,大到暴雨,21,2017-06-26
0,30,优,1,24,1-2级,北风,中雨~小雨,23,2017-06-27
0,24,优,1,24,1-2级,北风,小雨~阵雨,23,2017-06-28
0,47,优,1,27,1-2级,南风,小雨,24,2017-06-29
0,39,优,1,29,1-2级,南风,小雨~多云,25,2017-06-30
0,25,优,1,29,1-2级,南风,小雨,24,2017-07-01
0,19,优,1,25,1-2级,南风,暴雨~中雨,23,2017-07-02
0,25,优,1,30,1-2级,南风,小雨~阵雨,25,2017-07-03
0,30,优,1,31,1-2级,南风,雷阵雨~多云,25,2017-07-04
0,28,优,1,34,1-2级,南风,多云,27,2017-07-05
0,27,优,1,35,1-2级,南风,晴~多云,26,2017-07-06
0,26,优,1,35,1-2级,南风,多云,27,2017-07-07
0,24,优,1,34,1-2级,南风,多云,27,2017-07-08
0,21,优,1,33,1-2级,南风,多云,26,2017-07-09
0,31,优,1,29,1-2级,西风,中雨~小雨,21,2017-07-10
0,31,优,1,31,1-2级,南风,小雨~多云,26,2017-07-11
0,32,优,1,34,1-2级,南风,晴,27,2017-07-12
0,43,优,1,36,1-2级,南风,多云~晴,27,2017-07-13
0,47,优,1,36,3-4级,南风,晴,27,2017-07-14
0,41,优,1,36,1-2级,南风,晴,27,2017-07-15
0,28,优,1,36,3-4级,南风,晴,27,2017-07-16
0,37,优,1,36,1-2级,南风,晴,27,2017-07-17
0,22,优,1,36,1-2级,南风,多云,27,2017-07-18
0,24,优,1,34,1-2级,南风,雷阵雨~多云,27,2017-07-19
0,26,优,1,35,3-4级,南风,多云,27,2017-07-20
0,42,优,1,36,1-2级,南风,晴,27,2017-07-21
0,51,良,2,37,1-2级,南风,晴,27,2017-07-22
0,61,良,2,38,1-2级,南风,晴,28,2017-07-23
0,38,优,1,38,1-2级,南风,晴,28,2017-07-24
0,41,优,1,37,1-2级,南风,晴~多云,28,2017-07-25
0,41,优,1,38,1-2级,南风,晴,29,2017-07-26
0,50,优,1,38,1-2级,南风,多云~晴,28,2017-07-27
0,63,良,2,38,1-2级,南风,阵雨~晴,27,2017-07-28
0,70,良,2,36,3-4级,东北风,阵雨,27,2017-07-29
0,82,良,2,35,3-4级,北风,阵雨,27,2017-07-30
0,64,良,2,34,3-4级,北风,阵雨,27,2017-07-31
0,50,优,1,32,1-2级,北风,阵雨,26,2017-08-01
0,48,优,1,35,1-2级,北风,阵雨~多云,27,2017-08-02
0,54,良,2,35,1-2级,北风,阵雨~多云,27,2017-08-03
0,43,优,1,37,1-2级,南风,阵雨~多云,28,2017-08-04
0,41,优,1,37,1-2级,南风,多云~晴,28,2017-08-05
0,38,优,1,38,1-2级,南风,晴,30,2017-08-06
0,38,优,1,39,1-2级,南风,晴~多云,30,2017-08-07
0,37,优,1,38,1-2级,南风,多云,29,2017-08-08
0,34,优,1,36,1-2级,南风,阵雨,28,2017-08-09
0,37,优,1,33,1-2级,南风,小雨~多云,28,2017-08-10
0,29,优,1,35,1-2级,南风,雷阵雨~多云,27,2017-08-11
0,35,优,1,35,1-2级,南风,多云,28,2017-08-12
0,35,优,1,34,1-2级,南风,雷阵雨~阵雨,26,2017-08-13
0,27,优,1,32,1-2级,南风,雷阵雨~阵雨,26,2017-08-14
0,29,优,1,31,1-2级,南风,阵雨~多云,26,2017-08-15
0,31,优,1,33,1-2级,南风,多云,27,2017-08-16
0,40,优,1,34,1-2级,南风,晴~多云,27,2017-08-17
0,34,优,1,36,1-2级,南风,晴,27,2017-08-18
0,39,优,1,36,1-2级,南风,晴,27,2017-08-19
0,42,优,1,37,1-2级,南风,晴,27,2017-08-20
0,53,良,2,37,1-2级,南风,晴,28,2017-08-21
0,63,良,2,37,1-2级,南风,晴~多云,28,2017-08-22
0,58,良,2,36,3-4级,东北风,阵雨,28,2017-08-23
0,28,优,1,37,1-2级,南风,多云,28,2017-08-24
0,46,优,1,37,1-2级,南风,多云,28,2017-08-25
0,48,优,1,36,1-2级,南风,多云,28,2017-08-26
0,57,良,2,36,1-2级,南风,多云,28,2017-08-27
0,22,优,1,35,1-2级,南风,多云,26,2017-08-28
0,30,优,1,35,1-2级,南风,多云,26,2017-08-29
0,47,优,1,31,1-2级,北风,阵雨~多云,23,2017-08-30
0,50,优,1,30,1-2级,北风,阴~多云,25,2017-08-31
0,48,优,1,30,1-2级,北风,多云,24,2017-09-01
0,72,良,2,32,1-2级,北风,多云,24,2017-09-02
0,78,良,2,32,1-2级,东北风,多云,24,2017-09-03
0,60,良,2,31,3-4级,东北风,阴~阵雨,24,2017-09-04
0,69,良,2,28,3-4级,北风,阵雨~多云,23,2017-09-05
0,69,良,2,30,1-2级,北风,阴,24,2017-09-06
0,49,优,1,30,1-2级,北风,多云,24,2017-09-07
0,61,良,2,33,1-2级,北风,多云,26,2017-09-08
0,63,良,2,35,1-2级,南风,多云,25,2017-09-09
0,42,优,1,34,1-2级,北风,雷阵雨~小雨,22,2017-09-10
0,32,优,1,25,3-4级,北风,小雨~阴,22,2017-09-11
0,53,良,2,27,1-2级,北风,多云,23,2017-09-12
0,52,良,2,28,1-2级,北风,多云,23,2017-09-13
0,57,良,2,31,1-2级,北风,多云,23,2017-09-14
0,64,良,2,31,1-2级,北风,晴,22,2017-09-15
0,76,良,2,33,1-2级,北风,晴,22,2017-09-16
0,78,良,2,33,1-2级,北风,晴,23,2017-09-17
0,93,良,2,35,1-2级,北风,晴~多云,25,2017-09-18
0,91,良,2,35,1-2级,北风,多云,25,2017-09-19
0,34,优,1,30,1-2级,北风,雷阵雨~阵雨,23,2017-09-20
0,50,优,1,27,1-2级,北风,阴,22,2017-09-21
0,53,良,2,31,1-2级,北风,多云,23,2017-09-22
0,77,良,2,34,1-2级,南风,晴,25,2017-09-23
0,59,良,2,35,1-2级,南风,晴,25,2017-09-24
0,36,优,1,37,1-2级,南风,晴,26,2017-09-25
0,43,优,1,37,1-2级,南风,晴,27,2017-09-26
0,65,良,2,37,3-4级,南风,多云,24,2017-09-27
0,39,优,1,30,3-4级,北风,阴,22,2017-09-28
0,51,良,2,29,1-2级,北风,多云,24,2017-09-29
0,65,良,2,36,1-2级,南风,晴,27,2017-09-30
0,48,优,1,37,1-2级,南风,晴,27,2017-10-01
0,64,良,2,35,1-2级,北风,多云~阴,23,2017-10-02
0,54,良,2,26,1-2级,北风,阵雨,18,2017-10-03
0,21,优,1,24,1-2级,北风,阴,17,2017-10-04
0,23,优,1,19,1-2级,北风,阴,16,2017-10-05
0,39,优,1,25,1-2级,北风,多云,19,2017-10-06
0,60,良,2,30,1-2级,北风,晴,21,2017-10-07
0,69,良,2,32,1-2级,北风,晴,24,2017-10-08
0,94,良,2,33,1-2级,北风,晴,23,2017-10-09
0,101,轻度污染,3,30,3-4级,北风,多云~阵雨,17,2017-10-10
0,31,优,1,23,3-4级,北风,阴~小雨,15,2017-10-11
0,19,优,1,17,1-2级,北风,阴,15,2017-10-12
0,29,优,1,19,1-2级,北风,阴~多云,16,2017-10-13
0,32,优,1,20,1-2级,北风,多云~阴,16,2017-10-14
0,22,优,1,18,3-4级,北风,阴~小雨,14,2017-10-15
0,18,优,1,16,3-4级,北风,小雨,14,2017-10-16
0,17,优,1,16,1-2级,北风,小雨~阴,15,2017-10-17
0,22,优,1,17,1-2级,北风,阴,15,2017-10-18
0,32,优,1,19,1-2级,北风,多云,15,2017-10-19
0,48,优,1,21,1-2级,北风,多云,15,2017-10-20
0,52,良,2,22,1-2级,北风,多云,13,2017-10-21
0,66,良,2,24,1-2级,北风,晴~多云,14,2017-10-22
0,107,轻度污染,3,22,1-2级,北风,多云,15,2017-10-23
0,110,轻度污染,3,23,1-2级,北风,多云,15,2017-10-24
0,101,轻度污染,3,23,1-2级,北风,多云,15,2017-10-25
0,98,良,2,25,1-2级,北风,晴~多云,15,2017-10-26
0,114,轻度污染,3,26,1-2级,北风,晴,16,2017-10-27
0,115,轻度污染,3,26,1-2级,北风,晴,16,2017-10-28
0,117,轻度污染,3,24,3-4级,北风,晴,14,2017-10-29
0,97,良,2,21,1-2级,北风,多云,10,2017-10-30
0,117,轻度污染,3,21,1-2级,北风,晴,11,2017-10-31
0,116,轻度污染,3,23,1-2级,北风,晴,11,2017-11-01
0,124,轻度污染,3,26,1-2级,北风,晴,13,2017-11-02
0,156,中度污染,4,27,1-2级,北风,晴,14,2017-11-03
0,182,中度污染,4,22,3-4级,北风,多云~晴,11,2017-11-04
0,139,轻度污染,3,22,1-2级,北风,晴~多云,13,2017-11-05
0,119,轻度污染,3,23,1-2级,北风,多云,16,2017-11-06
0,149,轻度污染,3,20,1-2级,北风,阵雨~多云,16,2017-11-07
0,128,轻度污染,3,22,1-2级,北风,多云,15,2017-11-08
0,131,轻度污染,3,27,1-2级,北风,多云~阵雨,16,2017-11-09
0,121,轻度污染,3,23,1-2级,北风,阵雨~小雨,12,2017-11-10
0,70,良,2,18,1-2级,北风,小雨,12,2017-11-11
0,72,良,2,16,1-2级,北风,阴~小雨,13,2017-11-12
0,47,优,1,15,1-2级,北风,小雨,12,2017-11-13
0,49,优,1,15,1-2级,北风,小雨~阴,14,2017-11-14
0,78,良,2,17,1-2级,北风,阴,14,2017-11-15
0,74,良,2,18,1-2级,北风,阵雨,14,2017-11-16
0,35,优,1,18,3-4级,北风,中雨,10,2017-11-17
0,28,优,1,13,1-2级,北风,小雨,7,2017-11-18
0,59,良,2,10,1-2级,北风,阴~小雨,6,2017-11-19
0,68,良,2,9,1-2级,北风,阴~小雨,7,2017-11-20
0,88,良,2,9,1-2级,北风,小雨,7,2017-11-21
0,81,良,2,11,1-2级,北风,阴,8,2017-11-22
0,91,良,2,13,1-2级,北风,阴~小雨,9,2017-11-23
0,84,良,2,15,1-2级,北风,阴,9,2017-11-24
0,92,良,2,12,1-2级,北风,小雨,8,2017-11-25
0,99,良,2,16,1-2级,北风,多云,9,2017-11-26
0,89,良,2,18,1-2级,北风,多云,12,2017-11-27
0,86,良,2,19,1-2级,北风,阵雨~小雨,8,2017-11-28
0,111,轻度污染,3,18,1-2级,北风,中雨~小雨,5,2017-11-29
0,59,良,2,10,3-4级,北风,小雨,7,2017-11-30
0,38,优,1,9,1-2级,北风,阴,7,2017-12-01
0,72,良,2,12,1-2级,北风,阴~多云,9,2017-12-02
0,72,良,2,16,1-2级,北风,多云,10,2017-12-03
0,87,良,2,14,1-2级,北风,多云,9,2017-12-04
0,190,中度污染,4,14,1-2级,北风,晴,6,2017-12-05
0,165,中度污染,4,15,1-2级,北风,晴,9,2017-12-06
0,158,中度污染,4,15,1-2级,北风,多云~阴,7,2017-12-07
0,96,良,2,12,1-2级,北风,多云,5,2017-12-08
0,129,轻度污染,3,13,1-2级,北风,多云~晴,4,2017-12-09
0,130,轻度污染,3,16,1-2级,北风,多云~晴,5,2017-12-10
0,105,轻度污染,3,16,1-2级,北风,多云,7,2017-12-11
0,90,良,2,13,1-2级,北风,阴~小雨,8,2017-12-12
0,111,轻度污染,3,11,1-2级,北风,小雨,7,2017-12-13
0,54,良,2,8,1-2级,北风,小雨,5,2017-12-14
0,38,优,1,8,3-4级,北风,小雨,4,2017-12-15
0,103,轻度污染,3,10,3-4级,北风,阴~多云,1,2017-12-16
0,93,良,2,10,1-2级,北风,晴,-1,2017-12-17
0,81,良,2,11,1-2级,北风,晴,1,2017-12-18
0,94,良,2,12,1-2级,北风,晴,1,2017-12-19
0,102,轻度污染,3,14,1-2级,北风,晴,3,2017-12-20
0,119,轻度污染,3,15,1-2级,北风,晴,4,2017-12-21
0,134,轻度污染,3,17,1-2级,南风,晴~多云,9,2017-12-22
0,143,轻度污染,3,14,1-2级,北风,阴~多云,8,2017-12-23
0,169,中度污染,4,16,3-4级,北风,晴,4,2017-12-24
0,104,轻度污染,3,17,1-2级,北风,晴,3,2017-12-25
0,115,轻度污染,3,17,1-2级,北风,晴~多云,6,2017-12-26
0,167,中度污染,4,14,1-2级,北风,多云~小雨,9,2017-12-27
0,177,中度污染,4,12,1-2级,北风,小雨,9,2017-12-28
0,131,轻度污染,3,18,1-2级,北风,晴~小雨,8,2017-12-29
0,128,轻度污染,3,12,3-4级,北风,小雨~多云,5,2017-12-30
0,125,轻度污染,3,15,1-2级,北风,晴~阴,7,2017-12-31
0,105,轻度污染,3,11,1-2级,北风,阴~多云,8,2018-01-01
0,120,轻度污染,3,13,1-2级,北风,阴,6,2018-01-02
0,61,良,2,11,1-2级,北风,小雨,2,2018-01-03
0,23,优,1,4,1-2级,北风,小雨,0,2018-01-04
0,77,良,2,3,1-2级,北风,小雨,1,2018-01-05
0,44,优,1,3,1-2级,北风,小雨,0,2018-01-06
0,30,优,1,3,1-2级,北风,小雨~雨夹雪,0,2018-01-07
0,89,良,2,5,1-2级,北风,雨夹雪~晴,-2,2018-01-08
0,82,良,2,9,1-2级,北风,晴,0,2018-01-09
0,87,良,2,13,1-2级,北风,晴,0,2018-01-10
0,76,良,2,13,1-2级,北风,晴,1,2018-01-11
0,69,良,2,13,1-2级,北风,晴,3,2018-01-12
0,76,良,2,11,1-2级,北风,多云,5,2018-01-13
0,122,轻度污染,3,11,1-2级,北风,多云,7,2018-01-14
0,164,中度污染,4,14,1-2级,北风,多云,9,2018-01-15
0,137,轻度污染,3,12,1-2级,北风,阴,8,2018-01-16
0,107,轻度污染,3,16,1-2级,北风,多云~阴,8,2018-01-17
0,150,轻度污染,3,14,1-2级,北风,多云,7,2018-01-18
0,230,重度污染,5,14,1-2级,北风,多云,8,2018-01-19
0,218,重度污染,5,13,1-2级,北风,阴~小雨,6,2018-01-20
0,115,轻度污染,3,10,1-2级,北风,小雨~阴,6,2018-01-21
0,81,良,2,13,1-2级,北风,多云~阴,7,2018-01-22
0,62,良,2,11,1-2级,北风,阴~小雨,6,2018-01-23
0,62,良,2,10,1-2级,北风,小雨,2,2018-01-24
0,21,优,1,4,3-4级,北风,小雨~雨夹雪,-1,2018-01-25
0,49,优,1,1,3-4级,北风,雨夹雪~冻雨,0,2018-01-26
0,33,优,1,1,1-2级,北风,冻雨~雨夹雪,-1,2018-01-27
0,64,良,2,0,3-4级,北风,雨夹雪,-2,2018-01-28
0,110,轻度污染,3,3,1-2级,北风,阴,-2,2018-01-29
0,124,轻度污染,3,3,1-2级,北风,阴~雨夹雪,0,2018-01-30
0,122,轻度污染,3,3,1-2级,北风,阴~晴,-3,2018-01-31
0,106,轻度污染,3,9,1-2级,北风,晴~多云,2,2018-02-01
0,84,良,2,8,3-4级,北风,多云,-1,2018-02-02
0,62,良,2,7,1-2级,北风,晴~多云,0,2018-02-03
0,60,良,2,7,1-2级,北风,多云,0,2018-02-04
0,72,良,2,9,1-2级,北风,晴,1,2018-02-05
0,84,良,2,11,1-2级,北风,晴,1,2018-02-06
0,113,轻度污染,3,12,1-2级,北风,晴~多云,4,2018-02-07
0,127,轻度污染,3,13,1-2级,北风,多云,7,2018-02-08
0,130,轻度污染,3,11,1-2级,北风,多云~小雨,6,2018-02-09
0,142,轻度污染,3,10,1-2级,北风,小雨,4,2018-02-10
0,170,中度污染,4,11,1-2级,北风,多云~晴,4,2018-02-11
0,151,中度污染,4,15,1-2级,北风,晴,4,2018-02-12
0,151,中度污染,4,18,1-2级,南风,晴~多云,10,2018-02-13
0,132,轻度污染,3,20,1-2级,南风,阴~多云,9,2018-02-14
0,146,轻度污染,3,18,1-2级,北风,阵雨~小雨,9,2018-02-15
0,201,重度污染,5,19,1-2级,北风,多云,9,2018-02-16
0,185,中度污染,4,23,1-2级,南风,多云,14,2018-02-17
0,123,轻度污染,3,23,3-4级,南风,多云~阵雨,8,2018-02-18
0,108,轻度污染,3,11,1-2级,北风,小雨,7,2018-02-19
0,94,良,2,8,1-2级,北风,小雨,5,2018-02-20
0,30,优,1,8,1-2级,北风,小雨,5,2018-02-21
0,39,优,1,8,1-2级,北风,小雨~阴,4,2018-02-22
0,47,优,1,17,1-2级,南风,多云~小雨,11,2018-02-23
0,46,优,1,13,1-2级,东南风,小雨,8,2018-02-24
0,91,良,2,13,1-2级,北风,阴~多云,6,2018-02-25
0,88,良,2,18,1-2级,南风,晴~多云,10,2018-02-26
0,67,良,2,22,1-2级,北风,多云~中雨,13,2018-02-27
0,38,优,1,18,1-2级,北风,阴~多云,12,2018-02-28
0,63,良,2,25,1-2级,南风,阵雨~小雨,12,2018-03-01
0,66,良,2,20,1-2级,北风,小雨~阴,12,2018-03-02
0,102,轻度污染,3,28,1-2级,南风,多云,20,2018-03-03
0,44,优,1,28,3-4级,南风,小雨~中雨,11,2018-03-04
0,45,优,1,20,3-4级,北风,阴~小雨,10,2018-03-05
0,35,优,1,12,1-2级,北风,小雨,6,2018-03-06
0,23,优,1,10,3-4级,北风,小雨,5,2018-03-07
0,50,优,1,15,1-2级,北风,多云~晴,5,2018-03-08
0,70,良,2,17,1-2级,北风,晴,7,2018-03-09
0,73,良,2,21,1-2级,南风,晴,11,2018-03-10
0,90,良,2,21,1-2级,南风,多云,11,2018-03-11
0,106,轻度污染,3,20,1-2级,南风,多云~阴,14,2018-03-12
0,113,轻度污染,3,24,1-2级,南风,阵雨,15,2018-03-13
0,77,良,2,22,1-2级,南风,阵雨~小雨,16,2018-03-14
0,44,优,1,24,1-2级,南风,小雨,13,2018-03-15
0,55,良,2,21,1-2级,北风,多云,11,2018-03-16
0,64,良,2,21,1-2级,南风,阵雨,15,2018-03-17
0,29,优,1,17,1-2级,南风,阵雨~中雨,9,2018-03-18
0,26,优,1,10,1-2级,北风,小雨,8,2018-03-19
0,44,优,1,12,3-4级,北风,阴~晴,6,2018-03-20
0,75,良,2,13,1-2级,北风,多云~晴,5,2018-03-21
0,90,良,2,21,1-2级,北风,晴,10,2018-03-22
0,108,轻度污染,3,25,1-2级,南风,多云~阵雨,14,2018-03-23
0,87,良,2,18,1-2级,南风,小雨,14,2018-03-24
0,54,良,2,18,1-2级,北风,小雨~多云,13,2018-03-25
0,57,良,2,22,1-2级,北风,阴~多云,13,2018-03-26
0,71,良,2,26,1-2级,南风,晴~多云,15,2018-03-27
0,86,良,2,28,1-2级,南风,多云~小雨,16,2018-03-28
0,85,良,2,23,1-2级,南风,小雨,16,2018-03-29
0,75,良,2,25,1-2级,北风,阵雨~多云,17,2018-03-30
0,94,良,2,27,1-2级,南风,多云,17,2018-03-31
0,98,良,2,28,1-2级,北风,多云,19,2018-04-01
0,76,良,2,31,1-2级,南风,多云,20,2018-04-02
0,90,良,2,32,1-2级,南风,多云,21,2018-04-03
0,105,轻度污染,3,30,1-2级,南风,阵雨~阴,11,2018-04-04
0,63,良,2,25,3-4级,北风,阵雨~小雨,10,2018-04-05
0,44,优,1,16,1-2级,北风,阴~多云,8,2018-04-06
0,92,良,2,20,1-2级,北风,晴,7,2018-04-07
0,81,良,2,24,1-2级,南风,晴,12,2018-04-08
0,81,良,2,28,1-2级,南风,晴,15,2018-04-09
0,70,良,2,30,1-2级,南风,多云,19,2018-04-10
0,65,良,2,27,1-2级,南风,多云~小雨,21,2018-04-11
0,67,良,2,25,1-2级,南风,阵雨~小雨,17,2018-04-12
0,40,优,1,27,3-4级,北风,中雨~小雨,13,2018-04-13
0,35,优,1,15,1-2级,北风,小雨~阴,13,2018-04-14
0,69,良,2,20,1-2级,北风,多云,13,2018-04-15
0,119,轻度污染,3,20,1-2级,北风,多云,11,2018-04-16
0,105,轻度污染,3,25,1-2级,北风,晴,14,2018-04-17
0,96,良,2,28,1-2级,南风,晴~多云,17,2018-04-18
0,84,良,2,30,1-2级,南风,多云,21,2018-04-19
0,72,良,2,28,1-2级,南风,阵雨,21,2018-04-20
0,44,优,1,28,1-2级,南风,阵雨,21,2018-04-21
0,44,优,1,29,1-2级,南风,阵雨~大雨,16,2018-04-22
0,30,优,1,26,3-4级,北风,小雨,16,2018-04-23
0,40,优,1,22,1-2级,北风,多云,17,2018-04-24
0,60,良,2,22,1-2级,北风,多云~阵雨,16,2018-04-25
0,50,优,1,20,1-2级,北风,阵雨,17,2018-04-26
0,58,良,2,24,1-2级,北风,小雨~阵雨,18,2018-04-27
0,63,良,2,28,1-2级,南风,多云~阵雨,21,2018-04-28
0,49,优,1,29,1-2级,南风,阵雨,22,2018-04-29
0,40,优,1,29,1-2级,南风,阵雨,22,2018-04-30
0,40,优,1,31,1-2级,南风,阵雨~中雨,22,2018-05-01
0,48,优,1,28,1-2级,北风,小雨~多云,20,2018-05-02
0,81,良,2,27,1-2级,北风,多云~阵雨,19,2018-05-03
0,85,良,2,24,1-2级,南风,阵雨~多云,21,2018-05-04
0,46,优,1,31,3-4级,南风,多云~阵雨,24,2018-05-05
0,40,优,1,32,3-4级,南风,阵雨~大到暴雨,19,2018-05-06
0,34,优,1,26,1-2级,北风,小雨~阴,19,2018-05-07
0,53,良,2,26,1-2级,北风,多云,20,2018-05-08
0,63,良,2,28,1-2级,北风,多云~阵雨,20,2018-05-09
0,43,优,1,26,1-2级,北风,阵雨~阴,21,2018-05-10
0,45,优,1,29,1-2级,南风,阵雨~多云,23,2018-05-11
0,44,优,1,27,1-2级,南风,中雨~阴,23,2018-05-12
0,46,优,1,31,1-2级,南风,阵雨~多云,23,2018-05-13
0,47,优,1,34,1-2级,南风,晴~多云,25,2018-05-14
0,45,优,1,34,3-4级,南风,晴~多云,26,2018-05-15
0,42,优,1,34,3-4级,南风,多云~晴,26,2018-05-16
0,45,优,1,35,3-4级,南风,多云,26,2018-05-17
0,51,良,2,34,1-2级,南风,阵雨~多云,26,2018-05-18
0,51,良,2,35,1-2级,南风,多云,27,2018-05-19
0,58,良,2,35,1-2级,南风,阵雨~多云,26,2018-05-20
0,58,良,2,36,1-2级,南风,多云,21,2018-05-21
0,44,优,1,33,1-2级,北风,阵雨~阴,19,2018-05-22
0,89,良,2,25,1-2级,北风,多云,21,2018-05-23
0,68,良,2,33,1-2级,南风,晴,27,2018-05-24
0,49,优,1,36,1-2级,南风,晴~多云,25,2018-05-25
0,50,优,1,32,1-2级,北风,阵雨~小雨,22,2018-05-26
0,97,良,2,32,1-2级,北风,阵雨~多云,21,2018-05-27
0,116,轻度污染,3,31,1-2级,北风,多云,24,2018-05-28
0,93,良,2,32,1-2级,南风,阵雨~小雨,24,2018-05-29
0,56,良,2,31,1-2级,北风,中雨~暴雨,20,2018-05-30
0,28,优,1,25,1-2级,北风,阵雨,20,2018-05-31
0,27,优,1,23,1-2级,北风,小雨,20,2018-06-01
0,31,优,1,25,1-2级,北风,小雨~阵雨,20,2018-06-02
0,48,优,1,27,1-2级,北风,阵雨,21,2018-06-03
0,53,良,2,25,1-2级,北风,小雨,19,2018-06-04
0,49,优,1,25,1-2级,北风,小雨,20,2018-06-05
0,48,优,1,27,1-2级,北风,阴~阵雨,21,2018-06-06
0,30,优,1,28,1-2级,北风,小雨~阵雨,23,2018-06-07
0,27,优,1,26,1-2级,北风,小雨~中雨,23,2018-06-08
0,40,优,1,28,1-2级,北风,小雨~阴,23,2018-06-09
0,59,良,2,33,1-2级,北风,晴,20,2018-06-10
0,72,良,2,33,1-2级,北风,晴~多云,23,2018-06-11
0,50,优,1,28,1-2级,北风,阵雨,21,2018-06-12
0,34,优,1,26,1-2级,北风,小雨~阴,22,2018-06-13
0,42,优,1,31,1-2级,北风,多云,23,2018-06-14
0,63,良,2,32,1-2级,北风,多云,23,2018-06-15
0,79,良,2,34,1-2级,北风,多云,24,2018-06-16
0,71,良,2,35,1-2级,南风,多云,27,2018-06-17
0,63,良,2,35,1-2级,南风,多云,26,2018-06-18
0,51,良,2,35,1-2级,南风,阵雨~中雨,25,2018-06-19
0,29,优,1,31,1-2级,北风,中雨~阵雨,24,2018-06-20
0,49,优,1,31,1-2级,北风,小雨,25,2018-06-21
0,39,优,1,32,1-2级,南风,阵雨~阴,26,2018-06-22
0,29,优,1,34,1-2级,南风,多云,26,2018-06-23
0,28,优,1,34,1-2级,南风,多云,26,2018-06-24
0,31,优,1,35,3-4级,南风,多云~晴,27,2018-06-25
0,28,优,1,35,3-4级,南风,晴~多云,27,2018-06-26
0,29,优,1,36,3-4级,南风,晴~多云,27,2018-06-27
0,29,优,1,36,3-4级,南风,晴~多云,27,2018-06-28
0,32,优,1,36,3-4级,南风,多云,27,2018-06-29
0,37,优,1,36,3-4级,南风,多云,27,2018-06-30
0,41,优,1,35,1-2级,南风,阵雨~多云,27,2018-07-01
0,38,优,1,34,1-2级,南风,多云,27,2018-07-02
0,33,优,1,36,1-2级,南风,晴~多云,28,2018-07-03
0,37,优,1,36,1-2级,南风,晴,28,2018-07-04
0,42,优,1,36,3-4级,南风,多云~阵雨,27,2018-07-05
0,56,良,2,32,1-2级,北风,阵雨~中雨,26,2018-07-06
0,45,优,1,30,1-2级,北风,大到暴雨~中雨,25,2018-07-07
0,23,优,1,32,1-2级,北风,阵雨~多云,26,2018-07-08
0,32,优,1,34,1-2级,南风,多云,27,2018-07-09
0,36,优,1,36,1-2级,南风,晴,27,2018-07-10
0,59,良,2,36,1-2级,北风,多云~阵雨,26,2018-07-11
0,36,优,1,33,1-2级,北风,中雨~多云,27,2018-07-12
0,40,优,1,35,1-2级,南风,多云~晴,27,2018-07-13
0,27,优,1,34,1-2级,南风,阵雨~多云,26,2018-07-14
0,33,优,1,35,1-2级,南风,多云,27,2018-07-15
0,39,优,1,36,1-2级,南风,晴~多云,27,2018-07-16
0,40,优,1,37,1-2级,南风,晴,28,2018-07-17
0,43,优,1,37,1-2级,南风,晴,28,2018-07-18
0,42,优,1,37,1-2级,南风,晴,28,2018-07-19
0,47,优,1,36,1-2级,南风,多云,28,2018-07-20
0,49,优,1,36,1-2级,南风,阵雨,27,2018-07-21
0,61,良,2,35,1-2级,南风,阵雨,27,2018-07-22
0,48,优,1,34,1-2级,北风,阵雨~多云,27,2018-07-23
0,39,优,1,36,1-2级,南风,多云,27,2018-07-24
0,36,优,1,37,1-2级,南风,晴,28,2018-07-25
0,36,优,1,37,1-2级,南风,晴,28,2018-07-26
0,38,优,1,37,1-2级,南风,多云,28,2018-07-27
0,41,优,1,38,1-2级,南风,晴~多云,28,2018-07-28
0,45,优,1,38,1-2级,南风,晴,29,2018-07-29
0,38,优,1,38,1-2级,南风,晴,28,2018-07-30
0,43,优,1,37,1-2级,南风,多云~阴,28,2018-07-31
0,43,优,1,36,1-2级,南风,阵雨,26,2018-08-01
0,35,优,1,34,1-2级,南风,阵雨~中雨,26,2018-08-02
0,33,优,1,33,1-2级,北风,阵雨,26,2018-08-03
0,37,优,1,34,1-2级,南风,阵雨~多云,26,2018-08-04
0,36,优,1,35,1-2级,南风,多云,27,2018-08-05
0,29,优,1,36,1-2级,西南风,多云,27,2018-08-06
0,34,优,1,35,1-2级,南风,阵雨~多云,26,2018-08-07
0,47,优,1,36,1-2级,南风,多云,26,2018-08-08
0,52,良,2,35,1-2级,南风,阵雨~多云,26,2018-08-09
0,49,优,1,35,1-2级,南风,多云,26,2018-08-10
0,57,良,2,36,1-2级,南风,多云,27,2018-08-11
0,57,良,2,36,1-2级,南风,多云,27,2018-08-12
0,62,良,2,37,1-2级,南风,多云,28,2018-08-13
0,43,优,1,36,1-2级,南风,多云,27,2018-08-14
0,38,优,1,35,1-2级,北风,阵雨,26,2018-08-15
0,42,优,1,33,1-2级,北风,阵雨~多云,26,2018-08-16
0,40,优,1,32,1-2级,北风,阵雨~阴,26,2018-08-17
0,38,优,1,34,1-2级,南风,晴,27,2018-08-18
0,46,优,1,34,1-2级,南风,多云~晴,27,2018-08-19
0,69,良,2,36,1-2级,南风,多云,27,2018-08-20
0,50,优,1,36,1-2级,北风,多云,27,2018-08-21
0,50,优,1,36,1-2级,北风,多云,27,2018-08-22
0,55,良,2,35,1-2级,北风,多云,27,2018-08-23
0,64,良,2,34,1-2级,北风,多云,26,2018-08-24
0,60,良,2,35,1-2级,北风,晴~中雨,24,2018-08-25
0,59,良,2,30,3-4级,北风,中雨,24,2018-08-26
0,51,良,2,27,3-4级,北风,小雨,24,2018-08-27
0,48,优,1,32,1-2级,北风,阵雨~小雨,24,2018-08-28
0,42,优,1,32,1-2级,北风,阵雨,26,2018-08-29
0,53,良,2,32,1-2级,南风,中雨~阵雨,26,2018-08-30
0,38,优,1,33,1-2级,南风,阵雨~多云,27,2018-08-31
0,39,优,1,33,1-2级,南风,阵雨~多云,26,2018-09-01
0,35,优,1,35,1-2级,南风,晴,26,2018-09-02
0,52,良,2,35,1-2级,南风,多云,26,2018-09-03
0,47,优,1,34,1-2级,南风,多云,27,2018-09-04
0,52,良,2,35,1-2级,南风,多云,27,2018-09-05
0,56,良,2,33,1-2级,北风,小雨,21,2018-09-06
0,47,优,1,27,3-4级,北风,小雨~阴,20,2018-09-07
0,47,优,1,28,1-2级,北风,多云,20,2018-09-08
0,58,良,2,29,1-2级,北风,晴~多云,20,2018-09-09
0,58,良,2,31,1-2级,北风,多云,21,2018-09-10
0,62,良,2,31,1-2级,北风,晴,22,2018-09-11
0,66,良,2,32,1-2级,北风,多云,24,2018-09-12
0,72,良,2,32,1-2级,北风,多云~晴,25,2018-09-13
0,80,良,2,32,1-2级,北风,多云~晴,25,2018-09-14
0,62,良,2,35,3-4级,北风,多云,26,2018-09-15
0,59,良,2,33,3-4级,北风,多云~阵雨,26,2018-09-16
0,56,良,2,31,3-4级,北风,阵雨~多云,26,2018-09-17
0,57,良,2,33,1-2级,北风,多云,26,2018-09-18
0,43,优,1,35,1-2级,北风,多云~晴,26,2018-09-19
0,48,优,1,36,1-2级,北风,晴~多云,22,2018-09-20
0,59,良,2,30,1-2级,北风,多云,21,2018-09-21
0,53,良,2,29,1-2级,北风,多云~阴,21,2018-09-22
0,43,优,1,27,1-2级,北风,阴,22,2018-09-23
0,41,优,1,28,1-2级,北风,阴,22,2018-09-24
0,60,良,2,26,1-2级,北风,阴~阵雨,21,2018-09-25
0,51,良,2,25,3-4级,北风,阵雨~阴,20,2018-09-26
0,24,优,1,25,1-2级,北风,阴~多云,20,2018-09-27
0,43,优,1,26,1-2级,北风,多云~晴,18,2018-09-28
0,47,优,1,28,1-2级,北风,晴,18,2018-09-29
0,61,良,2,30,1-2级,北风,晴,19,2018-09-30
0,61,良,2,29,1-2级,北风,晴,18,2018-10-01
0,54,良,2,30,1-2级,北风,晴~多云,20,2018-10-02
0,65,良,2,30,1-2级,北风,晴~多云,19,2018-10-03
0,74,良,2,30,1-2级,北风,晴,18,2018-10-04
0,71,良,2,30,1-2级,北风,晴,18,2018-10-05
0,89,良,2,29,1-2级,北风,晴,18,2018-10-06
0,104,轻度污染,3,30,1-2级,北风,晴,19,2018-10-07
0,137,轻度污染,3,31,1-2级,北风,多云,18,2018-10-08
0,70,良,2,25,3-4级,北风,阵雨~小雨,16,2018-10-09
0,60,良,2,21,1-2级,北风,阵雨~多云,16,2018-10-10
0,61,良,2,25,1-2级,北风,多云,14,2018-10-11
0,56,良,2,25,1-2级,北风,晴~多云,15,2018-10-12
0,76,良,2,21,1-2级,北风,多云,15,2018-10-13
0,34,优,1,18,1-2级,北风,中雨,16,2018-10-14
0,41,优,1,16,1-2级,北风,小雨,15,2018-10-15
0,51,良,2,19,1-2级,北风,小雨~多云,16,2018-10-16
0,48,优,1,22,1-2级,北风,阴~多云,15,2018-10-17
0,55,良,2,24,1-2级,北风,多云,18,2018-10-18
0,65,良,2,22,1-2级,北风,阴~小雨,16,2018-10-19
0,35,优,1,20,1-2级,北风,小雨,16,2018-10-20
0,25,优,1,16,1-2级,北风,中雨~小雨,14,2018-10-21
0,49,优,1,17,1-2级,北风,多云~阴,14,2018-10-22
0,59,良,2,18,1-2级,北风,小雨,16,2018-10-23
0,44,优,1,19,1-2级,北风,小雨,17,2018-10-24
0,42,优,1,24,1-2级,北风,小雨~中雨,15,2018-10-25
0,41,优,1,20,1-2级,北风,多云,12,2018-10-26
0,57,良,2,25,1-2级,北风,晴,12,2018-10-27
0,74,良,2,26,1-2级,北风,晴,14,2018-10-28
0,90,良,2,27,1-2级,北风,晴,14,2018-10-29
0,71,良,2,26,1-2级,北风,晴,14,2018-10-30
0,75,良,2,27,1-2级,北风,晴,14,2018-10-31
0,71,良,2,26,1-2级,北风,多云,14,2018-11-01
0,62,良,2,23,1-2级,北风,多云,14,2018-11-02
0,83,良,2,24,1-2级,北风,多云,16,2018-11-03
0,76,良,2,25,1-2级,北风,多云,17,2018-11-04
0,91,良,2,25,1-2级,北风,多云,16,2018-11-05
0,58,良,2,20,1-2级,北风,小雨,11,2018-11-06
0,19,优,1,12,1-2级,北风,小雨,9,2018-11-07
0,30,优,1,16,1-2级,北风,多云,9,2018-11-08
0,59,良,2,19,1-2级,北风,多云~小雨,13,2018-11-09
0,60,良,2,19,1-2级,南风,小雨~中雨,13,2018-11-10
0,35,优,1,16,1-2级,北风,中雨,12,2018-11-11
0,42,优,1,15,1-2级,北风,小雨,13,2018-11-12
0,62,良,2,17,1-2级,北风,小雨,14,2018-11-13
0,31,优,1,15,1-2级,北风,小雨~中雨,13,2018-11-14
0,19,优,1,15,1-2级,北风,大雨~中雨,12,2018-11-15
0,23,优,1,14,1-2级,北风,小雨~中雨,12,2018-11-16
0,17,优,1,14,1-2级,北风,小雨,10,2018-11-17
0,21,优,1,12,3-4级,北风,小雨~阴,8,2018-11-18
0,45,优,1,14,1-2级,北风,阴~小雨,10,2018-11-19
0,36,优,1,14,1-2级,北风,小雨,11,2018-11-20
0,45,优,1,12,3级,西北风,小雨~阴,8,2018-11-21
0,87,良,2,17,2级,北风,晴,7,2018-11-22
0,79,良,2,18,1级,东北风,晴,8,2018-11-23
0,82,良,2,20,2级,东北风,晴~多云,8,2018-11-24
0,97,良,2,20,2级,东北风,多云,11,2018-11-25
0,88,良,2,21,1级,东北风,晴,10,2018-11-26
0,93,良,2,21,1级,东北风,晴,10,2018-11-27
0,99,良,2,22,1级,东北风,晴,10,2018-11-28
0,103,轻度污染,3,24,1级,东北风,晴,10,2018-11-29
0,111,轻度污染,3,23,1级,东北风,晴~多云,10,2018-11-30
0,222,重度污染,5,19,2级,东北风,多云~小雨,14,2018-12-01
0,155,中度污染,4,20,2级,东南风,小雨,15,2018-12-02
0,62,良,2,19,2级,东北风,小雨,10,2018-12-03
0,33,优,1,11,3级,东北风,小雨,9,2018-12-04
0,86,良,2,12,2级,东北风,小雨,8,2018-12-05
0,18,优,1,8,3级,东北风,小雨,6,2018-12-06
0,16,优,1,6,3级,西北风,小雨,3,2018-12-07
0,17,优,1,4,3级,东北风,小雨,1,2018-12-08
0,25,优,1,3,3级,东北风,小雨,1,2018-12-09
0,37,优,1,4,3级,东北风,小雨,2,2018-12-10
0,74,良,2,4,3级,东北风,小雨~阴,2,2018-12-11
0,120,轻度污染,3,6,2级,东北风,阴,3,2018-12-12
0,129,轻度污染,3,6,2级,东北风,阵雨~阴,3,2018-12-13
0,139,轻度污染,3,9,2级,东北风,阴,4,2018-12-14
0,108,轻度污染,3,8,2级,东北风,小雨,5,2018-12-15
0,99,良,2,11,1级,西北风,多云~晴,3,2018-12-16
0,120,轻度污染,3,16,1级,东北风,晴,3,2018-12-17
0,109,轻度污染,3,19,1级,东南风,晴,5,2018-12-18
0,108,轻度污染,3,19,2级,东南风,多云,11,2018-12-19
0,97,良,2,13,2级,东北风,小雨,10,2018-12-20
0,68,良,2,12,2级,东北风,小雨,10,2018-12-21
0,26,优,1,12,2级,东北风,小雨,9,2018-12-22
0,26,优,1,11,3级,东北风,阴,7,2018-12-23
0,26,优,1,13,2级,东北风,阴,7,2018-12-24
0,26,优,1,11,2级,东北风,小雨,5,2018-12-25
0,26,优,1,8,3级,东北风,小雨,5,2018-12-26
0,41,优,1,6,3级,东北风,小雨,2,2018-12-27
0,28,优,1,5,3级,东北风,小雨,1,2018-12-28
0,65,良,2,2,3级,北风,雨夹雪~中雪,-2,2018-12-29
0,53,良,2,0,2级,东北风,大雪~小雪,-2,2018-12-30
0,64,良,2,2,2级,西北风,阴,-1,2018-12-31
